cbsa,theta_hat_age,se_age,theta_tilde_age,prior_share_age,theta_hat_edu,se_edu,theta_tilde_edu,prior_share_edu,theta_hat_race,se_race,theta_tilde_race,prior_share_race
10180,0.9189918286158043,0.04462757693869796,0.9428462311078681,0.3051793487524979,1.129774997910879,0.10519790732145366,1.0198427995067652,0.6747554235602723,0.8950958934280385,0.05438016669257762,0.8982614255733213,0.16432923812226527
10420,1.0463974340868851,0.02643479270008479,1.0398223314324802,0.1335306151128712,0.9679155449571815,0.052027062517302956,0.9675580206427811,0.33662164023387814,1.0623730871354853,0.03781976637636654,1.0495178539986643,0.08685156122963673
10500,0.9229930922581389,0.055329744042648524,0.9528837199653206,0.4030345780472842,1.034012006067868,0.11018361079935862,0.9873541486126625,0.6947418146047781,1.2675853185813348,0.09292649287631675,1.138741014443097,0.3647644224111073
10540,1.014373209492075,0.052064532530331144,1.0079319186295725,0.37414151496140396,1.2791409133920932,0.12262334785316889,1.048629200369573,0.7381395018252329,0.7998384590566433,0.06940679380372777,0.8276229966025984,0.24261566960525266
10580,1.0365103651802332,0.02013529702806101,1.033280520027917,0.08207295251778116,0.8471440255460204,0.038875352521801736,0.8735721046848044,0.22076857665465263,0.9645041994268686,0.026885701665114926,0.9622044540327473,0.04586195146349518
10740,0.9183050860345777,0.026131410455430316,0.9286253918815341,0.13088208752080094,0.9463635325324946,0.0511281769378876,0.9531023132011707,0.3288827709205987,0.6648395851870341,0.024974584727132217,0.674776479986352,0.039824095401119634
10780,0.8809866251994294,0.03736581448035676,0.9083356665028333,0.23542177958846125,0.914881973873876,0.0820958722071798,0.9438924705012097,0.5582003642773923,0.9877240725839902,0.04666053023235462,0.9784458430533945,0.126467001075695
10900,0.9523863108997259,0.021900964020215304,0.9566691094556278,0.09566072441038181,0.8316567985107114,0.041501489219310544,0.8646552020895535,0.24407707836718326,0.9799417160808013,0.03506778199872064,0.9749841741706468,0.07559248602614393
11020,0.9928199308075024,0.050044799622577886,0.9943630869262564,0.3558044835560422,0.9402795662869233,0.09089015759796637,0.9564268361197616,0.6076368177919971,0.8465268274999901,0.1699006493899287,0.8911250061128367,0.6574758681049042
11100,0.9542258781472661,0.037028958366339376,0.9641935148117882,0.23217729632817397,1.0628622154160314,0.10400446691007251,0.9985624857691257,0.6697276965740696,0.8526566231891515,0.05532217011977316,0.8630905793670052,0.16910068983086973
11180,1.3166872314220461,0.07453812462157433,1.1407485099572217,0.550616860939784,1.2516596231755888,0.13735664617534854,1.0296290982762166,0.7795846629132139,0.7988486914860436,0.12106129988040931,0.8558598999119039,0.4935584318253109
11200,1.03555885311517,0.03980383081345361,1.0256154257615653,0.2589310663922679,0.917708749306097,0.07186184633491949,0.9418827794205776,0.4918949554763357,0.8264678812402307,0.08131279741016842,0.8533091364598004,0.30539126476488637
11260,0.900953748670806,0.03478964830557729,0.9212220634392273,0.2106821762707171,0.8567783337900308,0.06403567604522001,0.9046189844797008,0.4346182184818384,0.7315478478856436,0.03127078999049752,0.7427092817393055,0.06105436495791731
11460,1.2022637036468609,0.03931749357406776,1.150117142103186,0.2542411629809198,1.001865688352515,0.07428794056450601,0.9840621397445057,0.5084950060957606,0.8641652707338389,0.042725199783945365,0.8695985676046883,0.10824599527095712
11500,0.900938510553616,0.04996790897735873,0.9351056967645377,0.35509992900222676,1.1663939308609057,0.1394587158934488,1.009802576203152,0.7847598321447908,1.2778430682773774,0.1068423978362214,1.1209925133768184,0.4315200444499142
11540,1.1469150934350878,0.034096154980958436,1.1163549531500045,0.20406339223145287,1.037621925665162,0.08893378737050077,0.9953579977247594,0.5972140454546302,1.1617705598155956,0.07639293432818477,1.092601070771493,0.2795728624384831
11700,0.9714712020276932,0.026802775012145987,0.9749840490496688,0.1367621189116726,1.0475708305836242,0.05707394445410132,1.016967993992506,0.3791356481196419,0.9642828225627307,0.0510249994470465,0.9569152355977804,0.14757730828074675
12020,0.9552999417424303,0.03900445831392974,0.9658153557834513,0.2512218778703006,1.037336167158793,0.0908094030242423,0.9945381522485468,0.6072128932130448,1.3013001607414705,0.05308109145862776,1.2402424839272415,0.1577958664432274
12060,0.9980926128143301,0.008805674322183963,0.9980768829945812,0.01681269405034668,0.974013565702253,0.017342491153756887,0.9736314068578765,0.05337327407235182,1.0527785737143462,0.010269516109714858,1.0518146110353845,0.006964075746064652
12100,0.9610916847287387,0.030818850023079953,0.9673377401408753,0.17318722258929717,0.8298582822744123,0.06584451573533592,0.8912806727901473,0.44835443292646343,0.9804935141177333,0.04328567515677673,0.9731666376414027,0.11078789783067985
12220,1.0666769753120109,0.046799574732542336,1.0440345011246124,0.3256974834868218,1.1317104299146858,0.08059947611388128,1.0411860194016245,0.5491087504219626,1.2171082499800048,0.0672070639323896,1.1471803168082975,0.23097659243720864
12260,0.9683742748522781,0.02634422507109309,0.9721948520763438,0.13273845417390545,0.9419918996401496,0.05757766584184638,0.9515208629440481,0.38328114526517826,1.0714632197533183,0.037645148860702166,1.0579333756245513,0.0861203179939082
12420,1.0396169695322148,0.013330636037877387,1.038015709107203,0.037712255396652614,0.8706417574955945,0.026207390883736133,0.8816165727895905,0.11406945523139242,0.7867366140799237,0.01731648123631437,0.789231617098975,0.019549847628092788
12540,0.9367708571260528,0.0179301344139262,0.9407687545121136,0.06620552015242559,0.9805757025219042,0.05773447002382582,0.9752985674815178,0.3845676823268226,0.9715177193322894,0.029515399451438495,0.9683878947514195,0.05475696654482317
12580,1.0313048588636398,0.012643993545921705,1.0301419132356253,0.03405620089331291,0.931311797503077,0.025141702658916364,0.9350772210987672,0.10594396669757421,0.9865461286245537,0.015962265151200326,0.9853434507422305,0.016660615448003843
12620,0.9808846264520419,0.04226515959081472,0.9854834334119722,0.2826140283248829,0.9871267059652293,0.10815303050427723,0.9732031240725987,0.6867955287544648,0.7098818318621827,0.15156863727360462,0.833462249420734,0.6043719681018673
12700,0.9985046179377738,0.04893361585718109,0.9980389165016765,0.3455791611109352,0.8276493575668495,0.08986367842302115,0.9114791774573828,0.602208015048366,1.1842650139370767,0.06822935483192201,1.1204638292603337,0.2363831840231172
12940,1.0240135786369227,0.024780234472507455,1.0208104086779692,0.11926956523804648,0.9629292395679566,0.051750245104645994,0.9642408799976814,0.33424318575233136,1.1611633586288477,0.04142500352122493,1.1358850509599856,0.10242255470484325
12980,0.9609428011035173,0.04300132599997291,0.9714329079805767,0.28966817236843795,1.0303700361936918,0.09812880663067909,0.9894962357265596,0.6435138063253507,0.8045015825559161,0.06716493667285262,0.8298516686649126,0.23075391541230775
13020,0.9749487956679795,0.04762912340395155,0.982354389769619,0.3334617695542529,1.0227733211779808,0.10861458658075605,0.984265516615102,0.6886246947348736,1.072010438597429,0.09373569483809212,1.0138699761615768,0.36879177180754913
13140,0.9468002822286234,0.030740281227546563,0.9554846745777226,0.17245740231359358,1.1484715597267128,0.08549624144363104,1.043475812714531,0.5781127602414895,1.072107201115833,0.046954336933677565,1.051937487105658,0.1278603837880317
13220,0.8538798003592656,0.05447463209592953,0.910554951814417,0.3955628900460241,0.5940694172200804,0.1259260487427767,0.8730173616864872,0.7482829743519662,0.6230764929243098,0.13021447613841572,0.7774461758997289,0.5299650633071368
13380,1.0535464604063307,0.039410580258168314,1.0391593188072816,0.2551389362635086,0.8695852907984747,0.08245670248460903,0.9240907034322356,0.5603623360468275,0.6705744892584157,0.05156000033370641,0.7071960602243836,0.15022092180832627
13460,1.012368114700605,0.03909200744110412,1.008533910117846,0.25206633040026266,1.0481793433084392,0.08067063447937739,1.0034870486250613,0.5495456931519812,0.6878652871421941,0.06484036366340189,0.7373512776900055,0.21848702134536138
13740,0.9591555391684374,0.05318293744055064,0.9737536957675414,0.3841470362264381,0.925974344574141,0.1166257651007488,0.9553376554032408,0.7182963247685739,0.7205077699821772,0.07460826145379493,0.7728768384190008,0.2701504747808982
13780,0.9457549122127278,0.02686216164025317,0.9528116785577434,0.13728554174507365,0.9531380927531008,0.06228454942704321,0.9589128679624984,0.4210444770313097,0.8824563831316857,0.05502441296964166,0.8878029695561416,0.16758954678202642
13820,1.022843258398816,0.0203122354406098,1.0207010033399042,0.08340088980684626,1.0698379268612894,0.04068094161881573,1.045452883520804,0.2367836781389527,1.1538390457029637,0.02774845085550104,1.1421747294470266,0.04870689009304282
13900,0.8823522244073024,0.06376591112246255,0.9366286957647725,0.4727718091174335,0.8438490725141522,0.12638644780000863,0.9360599514396205,0.7496552658041298,0.6972662747041,0.11076570931211671,0.7948046490295508,0.44929310003776335
13980,1.052161666835184,0.037791967668164894,1.0389864734581757,0.23952873735110147,1.180518419362876,0.08735435936115593,1.0547629243199685,0.5885639331728301,0.9655996289072476,0.08674194122505399,0.9485119801126639,0.33348011889685486
14010,1.1527263657766351,0.04584404142494581,1.10345716985186,0.31670247104335114,0.9170286632819958,0.07857425955892135,0.9437585977116508,0.5364786576691725,1.0806502949378016,0.06843341376943453,1.0411623274111996,0.2374629777963199
14020,1.1472642009508238,0.049798533676442415,1.094194359040244,0.3535463254372789,1.028998787458866,0.09084270276999917,0.9912524694121916,0.6073877669235074,0.868494603159354,0.0967168033787733,0.8860829485039284,0.383483747766272
14260,1.0648110138158453,0.025781697928192737,1.0561616368021967,0.12784725109968864,0.8649844248424219,0.048326469222498745,0.8960036466528921,0.30450101897316617,0.751809396563119,0.031718435908123725,0.7620020017566169,0.0627044884578418
14460,1.1025799280084374,0.009256774449857494,1.1006246890846296,0.01854662310486443,0.9481331883731258,0.01871544985572366,0.9492866802919222,0.06161729854571904,1.0270261871620265,0.013911331837577355,1.0255947268219168,0.012705238400644924
14500,1.1041240001661996,0.03151251231159344,1.0849068804495887,0.17965469210834903,0.94732266185051,0.05116510929000804,0.9537522285191232,0.3292016063832798,0.6626863001158331,0.039652170641941535,0.6865085541182754,0.09465560100201292
14540,0.9533416765136655,0.041376545302158306,0.9653504993849992,0.2740780205077123,1.096635463743783,0.0963079860475958,1.0142401028758,0.6348750352581098,0.960124853602908,0.07501909102180658,0.9476618995788654,0.2723213966051695
14580,0.9703391031452386,0.06818554344158421,0.9839157125298456,0.5062514354314436,1.0498344263227812,0.11581918657232429,0.9904632576198674,0.7154792697937565,0.6870927543336948,0.14997060888369695,0.8232917961975241,0.5992922252832625
14740,0.9951323280790555,0.03657914718340209,0.9955936507443934,0.22784821918393905,1.0068457432126503,0.0787268166557854,0.9853521569279972,0.5374431994287518,0.5742692242190314,0.0408587937738493,0.6082509019322421,0.09991965503261158
14860,1.0186805854964402,0.020442654433804504,1.0168643270537012,0.08438464915655186,1.007167450696911,0.042123746447534444,0.9971046527403944,0.24961049903536742,1.0083069280278016,0.023942754387329367,1.0048571947447988,0.036719727718921756
15180,0.9567485287488796,0.033924374900435914,0.9649283214606271,0.20242756573964113,1.0827571636273592,0.08021934307899554,1.019384867297341,0.5467667434812633,1.0687924530351218,0.08792601685098621,1.0163570840489011,0.33953428919846346
15260,0.9416350927494219,0.04061505749653106,0.9564455070214644,0.2667489179804522,0.8304035107110681,0.09083977157219066,0.9132794344312837,0.6073723774075457,0.9708520812285526,0.06612549244018125,0.9581263167981414,0.22526333661659648
15380,1.0517110517051784,0.01609891475387024,1.0487614974614499,0.05406666020767792,0.94793075006271,0.03855266228742594,0.9520542730199482,0.21791409680168333,1.0620702029049678,0.028521360019317807,1.0544901382154888,0.05131687504765763
15500,0.9669335788685549,0.04618827522670782,0.9766035393284271,0.3199490128686968,1.0030205232490783,0.08688205352344155,0.9818289415073572,0.5859357571912605,1.1317119793592276,0.0664618340404796,1.082364403693648,0.227039131424839
15540,1.1777742821574468,0.04606932597833101,1.120188454766796,0.318827929324702,1.0054939376651026,0.08604997093418869,0.9830338197780009,0.5812586474571693,0.622714255420219,0.08412692931191344,0.7160446819200201,0.32001381588031297
15940,0.9985003136761037,0.03588944217771234,0.9982031506580433,0.22121985221531323,1.0318105369708719,0.07111464906050703,1.0001977840632235,0.4866713416379654,1.038479005777004,0.0750314006601589,1.004670467947876,0.2723864277917683
15980,0.8603336392094312,0.021963765919003227,0.873490206631833,0.09615730334177702,0.8321644089492413,0.040434050939267385,0.8637611813614473,0.2345905226042746,1.0294103635251357,0.029068331944326963,1.0232898388636202,0.05319830718229519
16020,1.06554533181549,0.05009456437628504,1.0411812959380027,0.3562602375993045,0.9060987296191277,0.09425762217617172,0.9440608000330925,0.6248415018208923,0.9008829712808077,0.09499620548630014,0.9059370096577235,0.3750322896313678
16180,0.9015144565217067,0.04742665800223569,0.933226737661684,0.3315707951695317,1.0464881739550245,0.12075987070377196,0.988181489558184,0.7321766327052054,0.8406864603281757,0.0752848082753377,0.8608525401434737,0.27372495115719114
16220,1.0943085638358114,0.05312912252945064,1.0570346132809296,0.3836681276302072,1.0668267060902075,0.11435453877239674,0.995818751934184,0.7102694918512206,0.4771272556933203,0.08976425498534317,0.6296665545327784,0.3488749726067957
16300,1.0419334080555311,0.04224421988659163,1.0292879684712573,0.28241312892978326,1.1042576804146198,0.09582139251682241,1.0173462767350516,0.632523490011578,1.0265240609401245,0.08115754021883236,0.9923607863065074,0.30458102948830373
16540,0.9417773120368265,0.052119723537886006,0.9625246457919311,0.3746378260518079,1.0293427756635516,0.12088275071847883,0.9835646378706481,0.7325753149287676,1.0601148733879755,0.0967290302392901,1.0042112468093118,0.38354352280323367
16580,1.138671732825614,0.04665865945939048,1.0927679939024555,0.3243743234550165,1.099038962937795,0.07733946432865237,1.0291666972358657,0.5285924598353637,0.9995324530982039,0.05608710656121668,0.9847979360766033,0.17299474355816663
16620,0.8610815510213903,0.038866638603755777,0.8950857938777782,0.24989252562493477,1.0064931446369998,0.08263336540802826,0.984238763093434,0.5614165665869539,0.6756602710956678,0.09202228047563225,0.7616504184205077,0.36024514623256076
16700,1.0419326692010384,0.026431117565180646,1.0359551897685628,0.13349844538570269,0.8673234530818908,0.04335686708403372,0.8932584505147451,0.26057468467629763,0.9994874759896732,0.02700183808683345,0.9955510904553725,0.046240660249540044
16740,1.0230659290475888,0.012534529474767207,1.0221982723774556,0.033488739352075476,1.067466606028576,0.024658138219413823,1.0571717890607948,0.10232078311749858,1.0813864823467711,0.01567839135561902,1.0787002261016332,0.016082743826922506
16820,1.1362037269932344,0.04218992699209976,1.097007548892488,0.2818921729000088,1.083109940606511,0.07989267082769028,1.0197799662486444,0.54474355587271,0.7879720097605976,0.048481754761566985,0.8050559650665184,0.13517152314882705
16860,0.9444551685690356,0.0223014633443802,0.9496643461284703,0.09884239972533813,1.0614588740532562,0.041565707622775394,1.0383138384944322,0.24464808089460593,1.0190066991011586,0.04102013745956254,1.008475944999733,0.10063077357910895
16940,0.949556750903219,0.06128059092419496,0.9711199671624973,0.4530061749122869,0.8847209554510178,0.13076945563235862,0.9473250041982723,0.7622324083916101,0.604009402102406,0.08813711447216237,0.7097178525711476,0.3406106120353702
16980,1.0849291570438249,0.006875276448966078,1.0840236143509314,0.010316972255738634,0.9703071182436065,0.015507230449944875,0.9701581404781254,0.04313608993871164,0.971207336270103,0.008658408822166388,0.970925348035043,0.004960381897458261
17020,1.0458291032007547,0.042705394935306236,1.0318682654716034,0.28683460998447524,1.0536399441323174,0.10822833852080103,0.9940093854635055,0.687094909437541,0.8111786371346146,0.05747544116475267,0.8297618285514323,0.18010352447754924
17140,1.0349415094829761,0.01216137241029211,1.0337480289001715,0.03158652212016934,1.050163367134184,0.026682076134610537,1.0403537815861033,0.11774811243150063,1.0227703553916614,0.02128712446525096,1.0195992305663069,0.029250921421093357
17300,0.9799929711520173,0.02986207711769459,0.9828137228548355,0.16434068508320143,0.87515075531681,0.07143289438190048,0.9199844377438098,0.48890256524785614,0.7690145696941003,0.03744367475427806,0.7814094717592687,0.08527936716845542
17410,1.0030786970704049,0.015272953190891139,1.0027889753976467,0.04892561952588823,0.9619837089621353,0.027082740609054478,0.9625723644485245,0.12088025668706558,0.9854692293084468,0.018645599818821832,0.9838624504535901,0.022595686188491768
17420,0.9270066774661093,0.049794161448849995,0.9518052582494857,0.35350619186358656,0.888654633370174,0.13278807740668863,0.9486910097664074,0.7677402212261593,0.7711884155061743,0.08599078873991718,0.8183811077869185,0.3296250495335791
17660,1.0767765154495366,0.06080166774400558,1.0410177444489284,0.44912079919579595,1.0450591511203629,0.12936746167696744,0.9857555092306053,0.7583033034946891,0.890272545592305,0.08744409126041976,0.898391537568233,0.33707364009248514
17780,1.1861297616398065,0.04303734022655891,1.131325247199276,0.2900128041793647,0.9997074251847864,0.07789746505020617,0.9822234034837724,0.5321736970138076,0.8991392403753724,0.04475619792853611,0.9009282518100825,0.11754341042883666
17820,1.105702126434238,0.022693437295725545,1.0946316121754063,0.1019899903323885,0.7924442771853172,0.03768480491599462,0.8291143586279766,0.2102531704937851,0.6744787450708309,0.029702924439579365,0.6877720322283695,0.055416288837704414
17860,1.0161164473249382,0.033016079288165974,1.0124420025327203,0.193805694318323,1.088823576021234,0.07831851668833151,1.0235870117835122,0.5348569038921911,0.8783512710437898,0.06019278686011,0.8853422750496104,0.19415154292656095
17900,1.0183219464121802,0.025407076152038695,1.0156844049761038,0.12461850815174454,1.0081723560315994,0.04628442089523904,0.9963333002166213,0.28652877844996777,1.0918521321439285,0.02859283528008656,1.0827003998419849,0.05156112185727017
17980,0.9026062227311716,0.03295138459847711,0.9208728231605564,0.19319350839170293,0.9253248243532539,0.07174561014917079,0.9457189419488189,0.4910857877620156,0.982816806980259,0.040712291291349394,0.9760206548067851,0.09927540702027379
18020,0.8838453235721825,0.04297087346654056,0.9166350916283083,0.2893767264505322,0.9659667721070664,0.10033572174632618,0.9665463502668652,0.6536516702508822,1.1563680221090158,0.10492826498948628,1.0540773230260887,0.42267351196064745
18140,1.0498403905351428,0.015934592983311378,1.047046759865443,0.05302680317845957,1.0242076046823938,0.029211197498627533,1.0162982434163421,0.13790389277107928,1.0174743766486316,0.018760752065349377,1.015116211958636,0.022869240315821212
18580,0.9435700067003137,0.028851480779278557,0.9518814421447307,0.15510167081686685,1.0520241270943245,0.08043837466522602,1.0053405616247646,0.548117812244035,0.8125781758746783,0.03859625438025805,0.8217516818696121,0.09012978476629345
18700,1.2199739011988946,0.06292175556125314,1.116111511209895,0.46613340009784265,1.1654445204007116,0.11900784159837305,1.0211867365086198,0.7264061935858814,0.889365302589437,0.08061117610975164,0.8969066522055101,0.30172707526007986
18880,0.9815780992533287,0.03592851970139912,0.9850303111336909,0.22159504664620747,1.0038136438639433,0.06703462866206181,0.9869142992840091,0.4572309445719218,0.911026428853373,0.045651090089998056,0.9114320763892115,0.12171308798998291
19100,1.01881238494488,0.00841799349829034,1.0184791703894291,0.01538716022273977,1.0390996155487073,0.016039077273500357,1.0357757704737196,0.04600721750151611,0.975794402895343,0.00971009307908161,0.9754116240465678,0.006230615687538823
19140,0.8575469096598014,0.03993996872592636,0.893879542870714,0.260243565991069,1.0103240904231865,0.10136369593254138,0.9817094363339416,0.6582524085795788,1.1378094937498062,0.0820783294332987,1.0686781816326638,0.30938122910693117
19300,0.924899946920624,0.03992093452752492,0.9436911265516789,0.2600600686248959,0.9477861265935648,0.09605502128819073,0.9598682276984065,0.633654822086145,1.030066148552884,0.090755395840267,0.9891197509863038,0.3538803378572201
19340,1.0191441749952566,0.029617339392730174,1.0155802150049424,0.16209282853028273,0.9123637038716634,0.08419160092165837,0.9434552430982686,0.5705943176512307,0.8051689465381102,0.04609714348145495,0.8186875019927613,0.12380729287185334
19430,1.0472805395622404,0.019967941899872787,1.0432293498276852,0.08082412900821323,1.0528682700466507,0.05029434601049494,1.0252002752999636,0.3216654359249747,0.967233972137244,0.03493466478456141,0.9632650538468748,0.07506267404117474
19460,0.954618162893311,0.050074750280229896,0.969765348414306,0.35607879977272006,0.6887329976831564,0.13207662077489868,0.9017228707310045,0.7658188085607545,1.1632734368506419,0.07979648399468765,1.0892303965767274,0.29746411881959295
19500,0.9182087774250525,0.0454643255317186,0.9429285579251887,0.31311374890708243,1.0008177098831348,0.10502189742384511,0.9779251188884113,0.6740200062491033,1.0351790493095638,0.07615559248167872,1.0015523464866043,0.2783211200491589
19660,0.931846860676698,0.02603227604261511,0.9403384740704597,0.130019791071658,0.6663518675309766,0.057557151851258447,0.7814778384153876,0.38311269488002603,0.9703466682870499,0.031906314814608316,0.9667969375041395,0.06340229062103853
19740,1.0795360385289767,0.011602737843763372,1.0771607997818067,0.028833055030435442,0.9292857462140205,0.019506626715392057,0.9317871102221597,0.06658283017736451,0.7981508059139918,0.01352833231218639,0.799548046992879,0.012023576523489983
19780,1.0868053909258166,0.029270746700755395,1.072558412321999,0.15892066534917648,1.0233380846023887,0.05630395185325894,1.0022827406868349,0.37276232515125174,1.057509559900287,0.048435394037219234,1.0381917113502277,0.13494800046515112
19820,1.0389327475039198,0.013013305512096635,1.0374287359067362,0.036002045237674064,1.0275752139631085,0.0225661544720917,1.0222836540895737,0.0871443694109741,1.0510679621312655,0.018463874556627055,1.0480375262812263,0.022167100594636967
20020,0.931907974201943,0.03381532822972587,0.9450484764854755,0.20138995032382892,1.1208247133166656,0.09587308993045573,1.0233956707719496,0.6327741952006669,1.0306374591861094,0.059105134789355175,1.0087179447284582,0.18850921392961673
20100,0.8957934669399923,0.046807353012244673,0.928814721058111,0.32577048466977804,1.0238131274182634,0.11198016122998933,0.9838525916597077,0.7015583166902926,0.8841200337598005,0.06625509330419707,0.8909525080798585,0.2259474928543855
20220,1.113526205336971,0.05909801028339525,1.0628937085130834,0.4351022746372978,0.8706980646378941,0.07979643222895108,0.9230205995553024,0.5441456554062492,0.8448314107979706,0.10020778432656686,0.8726691662879014,0.40038288523365384
20260,1.1225751627379184,0.033365566600124165,1.0978530692134905,0.197117364140919,1.2514487049038694,0.07036513749553286,1.1144504994956148,0.4813790912098238,0.9202398337886909,0.0663862419070611,0.918907057791687,0.2266399505937057
20500,1.0141068235704096,0.02546553255141236,1.0119860510751828,0.1251207782701345,1.1491069418962783,0.04853079356202739,1.0932843375963153,0.30629099923651537,0.9472459686596657,0.028117859598787976,0.9456033701365046,0.04994716465255769
20580,1.0440994355499469,0.0783797292737414,1.0170915837308818,0.5753400639908746,0.8517328340135322,0.1671920920544577,0.9484054282791223,0.8397504986911221,0.9654420584584906,0.17598715897250514,0.9310557369991426,0.673148563816849
20740,1.1776954384050258,0.054093256225696495,1.1068867681839556,0.39220832452031396,1.0943138371623744,0.10160620443756183,1.0102757996984302,0.6593267053878105,1.2432468922307123,0.12011987798107829,1.0822050334948434,0.48965615115065736
20940,0.8975419749056321,0.048111486246657245,0.9312074798893777,0.3379560249192473,1.4211016216611148,0.17394891206715152,1.0349323002430266,0.850128509228948,1.3871240746167777,0.12683024069599294,1.1427859949710881,0.5168279557819276
21060,0.9585906598308956,0.060028543203595554,0.9756677330664779,0.4427971096952209,0.9668647592654099,0.12795263647858135,0.9668562288816944,0.7542494900728631,1.0249596640468979,0.09867451115413335,0.9814934160898517,0.3930025667905727
21140,0.9142329426061143,0.0470935812174749,0.9414697070229148,0.32845423139246605,0.9371212943087824,0.09863439625282913,0.9563243466984255,0.6458681607578983,1.099310405145241,0.08389689743933469,1.0403436573542417,0.3188233490659205
21300,0.8859063201157819,0.03988141369740696,0.9147957976082968,0.25967906067598145,1.0797133963866625,0.08765795394820981,1.0130985829801435,0.5902431752361095,0.7025720410049042,0.08480286126328816,0.7710865992816442,0.32350659755084293
21340,0.9835040313407519,0.025422625974491752,0.9852072699087587,0.12475205918925802,1.0226494127748915,0.06904764408197217,0.9963165429344473,0.47194937224013334,0.8743355143821354,0.05033706503918888,0.8801067246533946,0.1441947053902799
21420,0.9372424483120767,0.05057289787423358,0.9588495008198638,0.360631004378353,0.8162640791375301,0.13700929638430742,0.933530019396273,0.7787132649228168,0.7686884675586994,0.07061064163268664,0.8049592039019887,0.2489911606829718
21500,1.0919789517766052,0.046068631511682265,1.061747692775202,0.3188213817023324,0.970267672409154,0.08294836921643828,0.9683444768776388,0.5632893878029455,0.8645663963988827,0.0702249022734578,0.8768626476718123,0.2469481307255361
21660,1.0256320693705234,0.03041035996362406,1.020808419677414,0.16939917439630864,0.9740201452749384,0.06417093222091494,0.9708979352014441,0.435655450177624,0.6550992660112839,0.052061898881646806,0.6946911030743033,0.1527109466640317
21780,1.0761800016294856,0.03526174412261073,1.0591742526272558,0.2152000450538132,1.1345483456220011,0.07718460859790637,1.0460736122765113,0.5275934771555401,0.8312132191012905,0.06689193591779165,0.8502795302376848,0.22931114951788592
21820,0.8589962908522285,0.05245942122126501,0.9111777752638218,0.3776868027128325,0.9334444653261973,0.12154174055087122,0.957990049486471,0.7347001043650724,0.7652864205012964,0.06320897733951317,0.7965782706357474,0.20990982032033922
22020,1.2645544578718455,0.05524016575925385,1.1569924639312754,0.40225514193143075,0.9911292085639484,0.10320533856411179,0.9749541107368666,0.6663065729654285,0.8078657295362102,0.07071027706350087,0.8344378727172428,0.24951888078716825
22140,0.83758457864501,0.052218045611571166,0.8975074373639642,0.37552134850409497,1.1207939705592125,0.15608238140785338,0.9945058383484522,0.8203696553901905,0.7009957043615285,0.08306671913185734,0.7681027210713839,0.31451960356329395
22180,0.9763540846427777,0.023703917426375357,0.9786476340212226,0.11025123301963712,0.8976139243359081,0.05784089845072113,0.9243015951076334,0.3854398294605135,0.8473139066938514,0.023106546205951366,0.8496126249665914,0.03428602609862811
22220,1.0590848120431187,0.025249493486615027,1.0514511331726164,0.12326741735686164,1.087518596822047,0.052375580496464305,1.0465395163004678,0.3396099158002441,1.1473989795711064,0.039087571206254876,1.125906643550515,0.09222605837935902
22380,1.0016868739829805,0.04924861329526963,1.0001082783169801,0.3484871705470856,0.9660239197823464,0.11124919238488844,0.9666036023561533,0.6988086869847214,0.6219480728453642,0.061816282578700865,0.6811950500528586,0.2026152983591303
22420,1.001519541345664,0.03452744655425065,1.0006113647730122,0.2081770377113577,1.1200886218987505,0.08813441411316615,1.029241209997927,0.592862659920311,1.0115431310789693,0.05294831732447245,0.9962724975840086,0.15713133480834443
22500,0.9625225583233566,0.041937225618738735,0.9722017243167367,0.2794663251269162,1.0655418340234677,0.0916228769094566,1.0051979611854176,0.6114587155347977,1.2717623896008154,0.06922013375358685,1.185404014542379,0.2416273520310735
22520,0.9832572392852278,0.05431672261115923,0.9887361936618376,0.3941755711155404,1.0810780720957784,0.10204518825985874,1.005545814946586,0.6612607284983831,1.1712234437651985,0.0944750407151487,1.075552563109205,0.37245704812181735
22540,1.0257343555912068,0.050108378476858735,1.0155497731645975,0.35638671537937194,0.9608754255932581,0.11676531355585104,0.965172309726127,0.7187800180919119,1.389569726729995,0.10853764043474973,1.1808289875823643,0.43925954469012196
22660,1.1112337843419469,0.03761463537003384,1.0841041105930065,0.2378194554489563,0.8728999885242513,0.06739694129860539,0.9161098978623028,0.45990758497494477,0.5403421915454523,0.0573394870465015,0.6074427841833288,0.1794051681245075
22900,0.9135571929478414,0.027817906913474504,0.9257442919216068,0.1457789957804631,0.8892041248484162,0.0761119300811755,0.9296293206739629,0.5206123299358051,0.802708570638602,0.044867005974051924,0.815889755144348,0.11805736414887572
23060,1.0559803151272018,0.027814531419559113,1.047406892024456,0.14574877559747154,0.9531528280869658,0.06606359830524323,0.9593180823087696,0.44999814499621077,0.9634131607089779,0.03599114710210696,0.9595228975119154,0.07930586713093773
23420,0.9751788771125541,0.021209246667912504,0.9771624093681682,0.09025021722335959,1.119322929013419,0.05337210110638071,1.0662460981675634,0.34811446209260344,0.8464957436037144,0.02486409980351314,0.8491754291680671,0.039486402075881756
23460,0.893460549245768,0.04793925412179191,0.9283391784209785,0.3363530947730973,1.0072412118503125,0.14206793937767556,0.9752962740572647,0.7909558721549437,1.3356126668928168,0.1317089290069408,1.1099698784992678,0.535646187085982
23540,1.061267180603565,0.04123290994439299,1.043784567560958,0.2726964515052851,0.947735714503356,0.07322030999765623,0.9573186307002852,0.5012579261034421,0.8216794931862119,0.04026929141609814,0.830700554061745,0.09733583168164739
23580,0.9466048838435357,0.045094157369618505,0.9622562283601896,0.3096079693581639,0.9390725288908082,0.08696361379381475,0.9553630101053538,0.586390978285932,1.0972092726404614,0.0617475508608781,1.060226746167714,0.20225606343764177
23900,1.0150066530800215,0.05251861133317708,1.0082556180302698,0.378217041173256,0.8718649508618572,0.10913823769301167,0.9374719395306312,0.6906834996699538,1.1224965865286045,0.10925688411881798,1.0303925287752556,0.44251578198840175
24020,0.9183860467600135,0.04076608605244647,0.9395126881244588,0.2682033779744622,0.8232962293624088,0.08815272852035112,0.9084203438507628,0.5929629621270192,0.8120343962915453,0.08754399240652495,0.8465776402113278,0.33758411398818655
24140,0.928684935113767,0.057934893992425025,0.9578100461465645,0.4253574383859005,0.9151244179975593,0.14214480125123807,0.9560490486632273,0.7911346776830055,1.1524797216492335,0.07972592019006572,1.0817354409263966,0.29709448840511005
24220,1.1489452051355118,0.04273742543094299,1.1053605261930515,0.2871414476476557,0.85964603694708,0.08953485320374048,0.92401876673766,0.600450363056251,0.7145725946620738,0.07399116392275625,0.7678932154205601,0.26688780381289084
24260,0.9465993693638505,0.06070107469048197,0.9692644456094901,0.4483016029023947,0.8413387059054954,0.11463598302689484,0.9306148511510217,0.7112801467605329,0.972921945076479,0.11019978142364568,0.9467584964938757,0.4467596140420651
24300,1.0187155485950665,0.06375058032985399,1.0085258686535716,0.4726519412584569,0.9420514376108425,0.10565674055654843,0.9588340352841267,0.676662754107218,0.6740418819139526,0.0753885879792038,0.7399544472911247,0.274273003417249
24340,1.1170240942970475,0.019319381200678568,1.1079079806418182,0.07605185811899677,1.0526089929027325,0.04416359990358455,1.0296486834955871,0.26774140185550266,0.8942712845335006,0.02921532801899877,0.8953501835782584,0.05370873575268797
24420,0.9618992241231891,0.04566252123316171,0.9730050027231067,0.31498787783187454,0.7614710880114659,0.1171292212094515,0.9093538402207202,0.7200362832349713,0.544781454594106,0.09697308360286952,0.6869712666602834,0.3847358124699151
24500,0.9759367211875798,0.051726962533930256,0.9838115790295336,0.37110021675626953,0.9221198627509835,0.11160632480059436,0.9534403580061671,0.700156136146892,0.8413882585556726,0.09522301620322612,0.8688363566483207,0.37615083528474386
24540,1.053827829757959,0.03483358690487587,1.041864493231796,0.21110227254705785,0.9615722080426303,0.06568697763225591,0.9639338196490267,0.44716978475995395,0.8095775616448069,0.04345441178539188,0.8212666695810944,0.11155678537503247
24580,1.042671944090406,0.04928297513150945,1.02679615893694,0.3488039539240613,0.9332490816343786,0.09322514373229224,0.9540724879104143,0.6196636805792575,0.914996766590124,0.08115624965373759,0.9148025943802977,0.30457429303703165
24660,0.9793011701332379,0.021906451106586466,0.9810100478408484,0.09570407621690188,1.0913970772252792,0.0571416090782437,1.044108656414484,0.3796936196177585,1.0420908108118732,0.03010861787176793,1.034828790315097,0.05685376625428428
24780,1.1825752345797294,0.06654907905377544,1.0909590563711988,0.4941056027652781,0.855018238797569,0.12240268372496466,0.9374902893774479,0.7374426181237794,1.091713143641658,0.08552300369635574,1.0336796092461389,0.32721882830486343
24860,1.0023963424299485,0.021055903884824475,1.0019296984404906,0.08906572947672271,1.1457540478181798,0.04541855972607766,1.095863988067212,0.27887027891676125,1.0013782491403838,0.0264820528445734,0.9975010227580532,0.04455608852946762
25060,0.8903348166936349,0.03137570171415714,0.9093893125764891,0.17837579757192548,0.9032776982148434,0.07268669014282386,0.9349130346975014,0.49760067073455144,0.9981647556066582,0.0415722638451596,0.9895263475359753,0.10307685222422264
25180,0.9054412381670612,0.033876748062446484,0.9239654693313406,0.2019743014989615,0.9199924539512818,0.0686161493069957,0.9419621050104096,0.46882595645279224,0.9616932387500445,0.05730434039308386,0.9532098179216215,0.17922470591365058
25220,0.8894602754465116,0.06208792194813907,0.9389469448298694,0.4595001376448485,0.9708977593421789,0.13664959054785358,0.9677520711600149,0.7778059313033955,1.1290637482866992,0.10987043620653847,1.03346001809797,0.44528051076587366
25260,0.9876605718373895,0.059506505000383174,0.9918246832576814,0.4384914161428145,1.164566590591599,0.13972846430212846,1.0092803330496074,0.7854119189334564,0.8330778202404411,0.06959390129203345,0.8528784987433303,0.2436064350412185
25420,1.0471777241455065,0.03265342771995241,1.0376549021676975,0.19037761106313653,1.0508522951621462,0.05330660762212755,1.0216578756256283,0.3475573897103072,0.9328852844259676,0.047040145789543575,0.9305089839843484,0.12826814130066014
25500,1.023455994423381,0.04511135223022789,1.0153093358297902,0.30977097270518117,1.1263595907658055,0.11717132320641939,1.0114862740888784,0.7201811526900908,1.2205009818662762,0.08596635450660622,1.1196274437168454,0.329499465505332
25540,1.0825825393242328,0.019926942023703906,1.0757041400117289,0.08051925751830419,0.9211972401848391,0.037646184385076685,0.930781065602938,0.20991285876676166,0.9922394561703328,0.023359279776243413,0.9895125782211818,0.03501374692105917
25620,1.0352383844981938,0.059588852226939194,1.0185140965836879,0.43917250741078734,0.9503300136113232,0.10771525015042638,0.9616493593038076,0.6850479384413258,1.0281296739764798,0.08616127140073004,0.9905284387219865,0.3305009580364607
25740,0.9819592219278236,0.04563893089346801,0.9867429558997634,0.3147649185613376,0.903439559389186,0.09458646177027259,0.9431666398353978,0.6264728496532027,0.8629961253769322,0.08606711424021093,0.8799468421324407,0.3300172645705532
25860,0.9252211557668591,0.02646029506917045,0.9348428585389382,0.13375390352792466,1.0398181492783178,0.07499849417723296,1.0023688404513662,0.5132524212593743,1.0724954423438526,0.05584837429005485,1.045331182122175,0.1717776255367818
25940,0.8875290653775902,0.044609327975478764,0.9209662412092336,0.3050059235042284,1.0851451694502392,0.09012800298488512,1.0137425908502553,0.6036143411464696,1.099887376379113,0.07302236272847,1.0513231518932897,0.2617620548185678
25980,1.1382230780866345,0.05809191477251132,1.0780328540689257,0.42668112542458775,1.0769166709963396,0.1371093609913006,0.9911812982575013,0.7789647765561961,0.7821663311733994,0.05439739060150319,0.8039009923813022,0.16441623322181215
26140,0.8767529108368571,0.040677671170853864,0.9089431852053811,0.2673519561576785,0.9138975518728921,0.1489442835908317,0.9565883250092723,0.8061571052168325,0.7814743984831362,0.1021592388316548,0.8359144111989729,0.40967810476623173
26300,0.8781718520250869,0.04384276334207212,0.9135946236134117,0.2977074530212107,0.7092882701526758,0.13021436855319973,0.9052147790923232,0.7606870984464686,0.8844684410207692,0.09385048430149426,0.8955089611159098,0.3693617449500274
26380,0.9599254424328685,0.04140102842257058,0.9701385658596249,0.27431346811409535,0.9484896867840069,0.08963638177346425,0.9595261984509612,0.6009940248511144,0.9172106158580559,0.05247053355061029,0.9167693801599455,0.15474519549444837
26420,0.9626455109618302,0.00970731454726839,0.9633481062668867,0.020358289314802786,1.062638983780565,0.018358255525638564,1.056946815221803,0.059426181642147344,0.9953053895928868,0.01041406289037478,0.9947258083177765,0.007160085131382942
26580,0.9685842946860697,0.02614822630564377,0.9723281364706258,0.13102851123837003,0.9401833916207022,0.06723175007626045,0.9524166458620691,0.45868870236713577,0.45115446483910815,0.07436532909199095,0.5756946217178782,0.26886630231610464
26620,1.0050372448623617,0.029499973283046415,1.0037683936608366,0.16101715076214473,0.9305635210927482,0.05609467630944064,0.944027906412982,0.37102264762288584,1.0125653457273152,0.042294819528951026,1.002125362589854,0.10630687123207916
26820,1.09980680713598,0.06046861919295632,1.0539834865203197,0.44640444290086895,1.0529298854176063,0.08031473789857341,1.0058154564467041,0.5473557132033569,0.8055432213133564,0.0795414791837162,0.8377666988351231,0.29612805141665866
26900,1.0333400072649734,0.016303795181141664,1.0313363790749321,0.05537487073820491,1.0393373079944412,0.0314430738463834,1.0280036523542126,0.15636109715822163,1.0468856500788606,0.02274233720733539,1.0424792326403285,0.03324935501017978
26980,1.1894353680078993,0.07075324707802075,1.0885441246466008,0.5247145344535648,1.214346960266776,0.12629909172846895,1.028876398643575,0.749395655060423,0.8098527543930518,0.07889801005311654,0.840447364636723,0.29275320228195595
27060,1.0836087594775192,0.069941253522841,1.0387442652497971,0.5189542164513157,1.07601034672489,0.1460900208707345,0.9886806778396222,0.8000380288062823,0.7792491040309258,0.09154932375246264,0.8276014364082326,0.3578734465755841
27100,1.0040619080705957,0.05046596563634657,1.0015785275803049,0.35965547986369856,1.054927568473033,0.10940073140262287,0.9940059081195892,0.6917089953870051,0.7502185839531986,0.09281614196991629,0.8100009038057631,0.36421395466526885
27140,0.9256128444097921,0.028377405938123136,0.9364023357274714,0.15080879869262176,0.92796620521048,0.06535251076200713,0.9452573112281389,0.44464724443545706,1.2514630619479974,0.05405562454004433,1.1966190328709192,0.16269180761234467
27180,0.9026583133486852,0.037819376113530895,0.9253184376908007,0.23979295502540499,0.9845858469915707,0.09610934692987208,0.9733449737009039,0.6339172859685815,0.9500410136254372,0.06453536609533188,0.9423023110682106,0.2168811467469766
27260,0.9292057378839605,0.014215870384377055,0.9321049746391903,0.04266640193322287,0.9562643306035364,0.03518109243227239,0.958258582158536,0.18833026375749312,0.9296100793918375,0.0206424046577865,0.9291898579628972,0.027553998775878975
27340,1.1773033366879155,0.04430334862332835,1.1228818878135616,0.3020958194555852,1.042059088414084,0.11421848409862675,0.9886796841231598,0.7097792806855862,0.7782407026425411,0.0541485105386814,0.8004498183653195,0.16316010355524085
27500,1.003236471582996,0.05354455858165695,1.0008815453153526,0.3873583996833902,0.8495549544825489,0.14312796016174184,0.94261998792048,0.7934034739572023,0.8908093038861448,0.09665214896010345,0.8998328788162996,0.38316759627802843
27620,0.9210346446117751,0.037653156292848516,0.9391662883897592,0.23819072196471786,0.9298347562417445,0.07857100105946725,0.9496937315894495,0.536458032389073,0.6377930383742562,0.08703155428932383,0.7304326292013519,0.3349635207854778
27740,0.9201785327061474,0.0415357992838833,0.9413945182468497,0.27560927766121884,1.010526187702729,0.08916113248724673,0.9843905992677257,0.5984417169937227,0.8057708261968975,0.08758813516895315,0.8424530380567895,0.3378096092962597
27780,0.9894735467796226,0.04811982240379839,0.9920708188832642,0.33803355690472825,0.7560148518580575,0.09648928689824154,0.8900547600938448,0.6357465366114445,0.5411644961487209,0.1582571780225095,0.7743460859988327,0.6248254821047369
27860,0.9682712812716894,0.05399567777820162,0.9795756535720693,0.3913478562695329,0.8734856260187006,0.1082702845036252,0.9376537368386547,0.6872615042999725,1.2015067655584903,0.0883245552334941,1.103427070140224,0.3415655331563176
27900,1.0042630671602575,0.04099173836340311,1.0023417645735169,0.2703757518944685,1.0563647439977304,0.0883662832581344,1.0031833605166403,0.5941304254435473,0.7121835943403586,0.06337047484935585,0.7547936226487972,0.21075746678099894
27980,0.8415446121677604,0.03612099963313935,0.8763152347345248,0.2234437654334397,0.7722783835802864,0.08901624698819258,0.8885680852423867,0.5976598343244569,0.5406403634115091,0.035909252176208696,0.5701543785148038,0.07897383951798284
28020,1.085849074430236,0.04769069196234737,1.0562227113256049,0.33403627430580607,0.8426353644416809,0.0937821966065854,0.9199571245479587,0.6224678159310432,0.6589624677533107,0.058835944987258526,0.7067514418825613,0.18711658913990056
28100,1.1444093984706447,0.05546942147500595,1.0848828613052441,0.4042483942752305,0.6471949538725775,0.11863850086114994,0.8790013719637711,0.725168957687704,0.9355790345647589,0.09161732381932344,0.9279777931123829,0.35821476886492926
28140,1.060825405599286,0.014592470243762198,1.0579696111587795,0.04485419971460358,1.0477510573644633,0.03240460496798909,1.034445547805517,0.1644734610876678,0.9064268454509872,0.01967619031190598,0.9066259339449604,0.02509813750202162
28420,0.9887025526718085,0.03890753384931795,0.9908185960494826,0.2502869852624847,0.9300526427609831,0.0850702773654989,0.9512379278777061,0.5756744754576097,0.8981360273327804,0.05077896967226036,0.900510544933596,0.14636537707387942
28450,0.9768663308519463,0.05601729679008337,0.9851650455354813,0.4089912488385342,1.0275176267783512,0.12157796415932505,0.9829406032777653,0.7348162540324069,0.8410411107555948,0.08861217923818407,0.8661913865521869,0.3430293953559744
28660,0.9534763729896841,0.02746271931463772,0.9597055634444651,0.142607556102492,0.8983535146546188,0.0500498592047762,0.920242162505376,0.31954260832083975,0.785747899114847,0.026175710864239164,0.7913522503830986,0.04357586930860139
28700,0.9339181263502028,0.028640807701992635,0.9436057283861244,0.1531905656641864,0.9469426160089471,0.06245349419029123,0.9553522683998515,0.42236566309893,0.8125639396745593,0.09209308078136831,0.8492712991313178,0.3605997228824729
28740,0.9939637446005901,0.041986419458720746,0.9948576662581525,0.2799387085181359,0.862177308542119,0.09143189246171257,0.9260786154013235,0.6104667813847322,0.8766360565518525,0.0626067104386596,0.8844353958633399,0.20675184967143506
28880,1.0163530806786947,0.021472922140729343,1.0145812890230268,0.09229975738929332,0.7622181246840042,0.03885316825159706,0.8073549977161639,0.22057224515088356,0.875071979026297,0.02986062721058255,0.8772710159965773,0.0559732734761382
28940,1.0105912636613286,0.01661496989871098,1.0098203214259955,0.05738635604358646,1.0297315592861425,0.03910363223341452,1.0157229701418458,0.22278960344482884,0.9986649711601763,0.03803710342182936,0.9912658976772688,0.08776478132131967
29020,0.9028177169053123,0.04545711638982168,0.9323502153224735,0.3130455404118879,0.9182842492446804,0.10730171533776788,0.9514757482940402,0.683385743926224,0.9031887766329418,0.08792054113128074,0.9069812221958251,0.33950635780754457
29100,1.1647013238212862,0.04460583711634149,1.1136048775197145,0.30497274706634464,1.008516730794723,0.11920875058319043,0.9782243529762239,0.7270761418250266,0.9542244287218806,0.09781915811487117,0.9387225882639803,0.3888566317928688
29180,1.024120164256781,0.033957293167614824,1.0186536317908108,0.20274091948549786,1.0239319493737458,0.07561484328331668,0.9944029096088149,0.5173408521770291,1.058771166725935,0.05160502709246113,1.0370452714743854,0.1504439192269749
29200,1.098222329659864,0.04222322670627739,1.0697005167230311,0.282211703514239,1.0646581132108048,0.08071693282769363,1.0108822006955553,0.5498297369033786,1.2148119012417191,0.06220409263334165,1.1533261774311772,0.20464363637410277
29340,0.9330833123944196,0.04283203285780917,0.9515395867521392,0.28804754357759804,0.9709301881790163,0.093464308994816,0.9683990607983349,0.6208706470681419,0.9752763113054831,0.0722389289625633,0.9595831830420987,0.2576146492151157
29420,0.8252465445723782,0.039418476229112674,0.8691206917490424,0.25521508694999306,0.7344140177529411,0.11155062323042712,0.8971091813610882,0.6999464866365366,0.7182355069017672,0.060023620375901865,0.7561408137811529,0.19327240518542552
29460,0.8973165707750476,0.02107115411475852,0.9062206697821937,0.08918328184043996,0.8325074481054958,0.049288168214896885,0.8745457658565393,0.31291082216248295,1.0071509298679484,0.02494044299894732,1.0034652805887734,0.03971960792314133
29540,1.1789195036214348,0.035926386410077754,1.1386455609346828,0.2215745631063161,0.9969195947517578,0.057709352133071906,0.9853633193655422,0.38436172279481773,1.0380990728435953,0.052403908409916676,1.0189920216601072,0.1544131082020309
29620,1.1500751844089026,0.027010703461520423,1.1288811794319382,0.1385970410430814,1.1064971340081082,0.06326632330890007,1.046633614805425,0.42868762317582637,0.8128413708716472,0.03950576944094847,0.8223864395242984,0.09402352627173335
29700,0.9026889560606141,0.038877810216221255,0.9263059989860881,0.2500002826648315,1.131822106863648,0.09936805776577859,1.0247160812091922,0.6492507568833801,0.5372542358670194,0.17277652269258195,0.7880273628526827,0.6649954783657157
29740,0.9274735673252048,0.052193762074400074,0.9536259914381957,0.3753032140644793,0.8123885603440402,0.1056166252121177,0.9168835267119241,0.6764965613733162,0.6871745634352237,0.07620027765740366,0.7504584072908106,0.2785568242662292
29820,0.8496767021909388,0.01218357320808293,0.8543515763969113,0.03169829198408672,0.8240191002554936,0.026680223626991614,0.8408355149166806,0.11773368765962666,0.8170055547308975,0.013198714995729546,0.8181203941164693,0.011451434090751384
29940,1.0458072743763511,0.05730426497557783,1.0253733928059887,0.4200159327401423,0.8581109866303335,0.13980875846801186,0.943539663647803,0.7856055009415928,0.6995817350459882,0.10058192837494886,0.785959581431297,0.4021736064121416
30020,0.9548157188311499,0.05438754805801367,0.9715319844170622,0.394798098992627,0.7344308694775246,0.14301007567142388,0.9187729393390622,0.793133222437245,0.5970959304880438,0.05348403977816648,0.6477997946404683,0.1598163468087075
30140,0.9670328474744797,0.051929637254889124,0.9782669758416696,0.37292735602621163,0.8389632583711633,0.13352764383210597,0.9374022668231106,0.7697150780835087,0.8665552816089361,0.09883546383227261,0.885379547433667,0.3937804288949772
30300,1.0300326362767311,0.045713293668672106,1.0196614434489013,0.3154676414470256,0.8152698461708434,0.09364826898361261,0.9095239097601789,0.621795903504014,0.8491528612279436,0.07684724544790406,0.8675389494808828,0.28196760419797534
30340,1.0469204917511292,0.07010232169778555,1.0210383816516215,0.5201025909873336,0.9168635800739602,0.15831442052819217,0.9580810523758423,0.8245165025222824,1.280556776177118,0.16336895211354274,1.0463341269130462,0.6396073985384934
30460,1.0391612792852556,0.023686019116711438,1.034536479214562,0.11010312416244333,1.0961208300862488,0.05364396262219385,1.050822440904066,0.350423973760804,0.9037202768227194,0.038637293081311794,0.9046810208563041,0.09030423589172339
30500,1.0863409342415187,0.046131853933765524,1.0578540451339868,0.31941734844976505,0.9180974673894259,0.0761063703044228,0.9434786550428427,0.520575866877436,0.8618811312515607,0.05692102211291614,0.8711833281798017,0.1772585938353118
30620,1.072654058845792,0.05713579979024744,1.04105234269344,0.41858219916549116,0.8686847450055409,0.15429328106216483,0.9488833437884557,0.8169466959429423,0.820643525295548,0.0932772761791045,0.854991485306475,0.36651225156575906
30700,1.1867336694728465,0.0422843849003062,1.1331216836894114,0.28279846806841913,0.9561946807915601,0.08367076886331505,0.9622440734819546,0.5675507983200186,0.8097578554481215,0.06097578497930629,0.8304927513508313,0.1982277260424824
30780,0.9607342974679283,0.026780158117840056,0.965708290782677,0.13656291564846706,1.0231019125725038,0.050245765680012294,1.005032439387611,0.32124385624652946,1.022708375060054,0.03376311669487782,1.0150739472766197,0.07046136770765668
30860,1.3178691540358922,0.0408471295064533,1.2316028190893806,0.26898369611654466,0.9367608684439024,0.09300210766303878,0.9553741523140856,0.6185339780127584,0.9924671820421898,0.0642907877957982,0.975627570770766,0.21559411562140574
30980,0.9175813318031641,0.029894073384011323,0.9306822781347057,0.16463503454115697,0.7808386212438118,0.0790704563389231,0.8812137105685369,0.5396079993456915,1.0553332204373822,0.06995751350428372,1.0207195975971122,0.24553200772015774
31020,0.9563274654386442,0.04482446973827636,0.968864159013739,0.30704947476602706,0.7966293777516115,0.11041671547837482,0.9150436192431243,0.6956374634578661,0.6992351337830507,0.08584996502301483,0.769989692353515,0.32890110575827924
31080,0.9462565930462696,0.005247355246445534,0.9465638126774076,0.00603569839748883,1.0291778969906105,0.011516700199172279,1.0276658326695425,0.024261174899791203,0.8651259362284175,0.00706313991976676,0.8652887214182516,0.003306403504234995
31140,0.9758073392989106,0.01780895357253,0.9772030095713469,0.06537194770205577,1.0135225818084077,0.036884394583906355,1.0040388389045847,0.20321232547117143,1.0658855562928389,0.027500309522276473,1.058630297240804,0.047881183572956586
31180,1.0435702249914651,0.02884732833065316,1.0363732102171748,0.15506395050994642,1.0491960139850411,0.07539548794461888,1.0067163189940302,0.5158898712641534,0.7979102615622828,0.03992552342620454,0.8090706924857021,0.09583965822291686
31340,0.9588208639837948,0.04110629327939412,0.9692282954494695,0.2714782150566942,1.0581898554719529,0.08024593629858137,1.0082351423189744,0.5469310142233961,0.7924952768047182,0.05633354828291445,0.8137304197477392,0.17425284096809077
31420,0.8736259812637598,0.03413363727189609,0.8988782620968166,0.20442053185116615,0.9822084249322027,0.0846520842099629,0.973405952630503,0.5732651505295261,1.177284088662839,0.061578001082626434,1.1243388558497234,0.201370218163547
31540,1.160038362067063,0.02946010264414982,1.1338711365204766,0.1606520757217411,0.9811365641158971,0.051939274548209645,0.9763393254953711,0.3358678236514776,0.8414736481541972,0.04763543285667997,0.8510294453097436,0.13110679425589658
31700,1.0041472948034404,0.024463699945374163,1.0033322637936037,0.11659500429851855,0.8761322186059395,0.06149994487794545,0.9137703394417462,0.41487665526899403,1.0280662985519768,0.0581827644398488,1.007173290771287,0.1837441690402825
31740,1.287675252441353,0.0680839514730483,1.1408165386553708,0.5055060160347162,0.726824976409494,0.11530842081610397,0.8981276305626809,0.713676389915521,0.9877420938496302,0.07017834543094219,0.9696384313517641,0.2467015545002885
31860,1.3447998652897757,0.08318284995602257,1.1347849813609192,0.6041110506056802,1.1347775301510947,0.16000117621508703,0.995809892088605,0.8275622979435157,0.8336704135019656,0.13019129354726458,0.8764255184364679,0.5298763572296132
31900,0.9888656767153376,0.05860599147116201,0.992439221924468,0.43099708653099456,0.8226793458943433,0.12685711327049662,0.9309609990774022,0.7510478683339437,0.6267408683469337,0.11340292279803067,0.7593222281440829,0.4609627542469819
32580,0.9694300622977743,0.02622219498871448,0.9730809575476906,0.13167312345851556,1.0380645349805786,0.0712648231926577,1.0033330801231513,0.4877253958949492,1.0990165898133668,0.08687560540423685,1.0373105769226243,0.3341649555142732
32780,0.921034648483356,0.04497924007403382,0.9445197858778887,0.30851820080120235,0.9021937558973194,0.10220063223931143,0.9449947416077282,0.66194229085689,0.7084948594242607,0.06828905335522728,0.7572227675540313,0.236699065854383
32820,0.9449382035086689,0.018436756385889593,0.9485796883575284,0.06973510751865077,0.9812556403613825,0.03926740870210432,0.9780260878751865,0.22424036159498686,1.2336556307905446,0.030407083068561717,1.2151616906742846,0.05792091934060197
32900,0.9810481455754516,0.04163229256163894,0.9855028422363014,0.2765367883797381,0.9938303857167794,0.09398061604170653,0.9770113273082304,0.6234606581817319,0.8781677680764377,0.05606400040843023,0.8844244376792828,0.17287687222242365
33100,0.8324175085261551,0.008017980126085414,0.8347204848849158,0.013979502093080997,0.8460539831146611,0.0189665048957763,0.8536856532960596,0.06317635673127822,1.0365301681008903,0.011782076361412526,1.0354127400768633,0.00914643198244451
33140,1.0343448088555138,0.06332160376192596,1.0168930458809413,0.46928747199293336,0.9531975128057061,0.1462367364688877,0.9641271646240679,0.8003589985727657,0.897058098029353,0.09134927528484357,0.9032323360998155,0.35686868166154684
33220,0.974664221446616,0.04762898283586688,0.9821646806623762,0.33346045760975335,1.0222378258560714,0.10861762888751604,0.9840981113406904,0.6886367063368415,1.0727723964879896,0.10409945767122508,1.0064276879746623,0.41880808851489726
33260,1.2011313856042232,0.0705361364124559,1.094415787589612,0.5231814213330253,1.0385520741349068,0.1086034606228079,0.9891817805272456,0.6885807623234234,0.9593160163471338,0.08853056211173305,0.9439131893658772,0.34261418374059394
33340,1.067650416830684,0.02200701772419439,1.0608478177256926,0.09649980711146239,0.8909056462144622,0.0420001576063779,0.9097795424609071,0.24851141744192815,0.9400060293580786,0.023888100376074813,0.9390684239933469,0.036558400811173904
33460,1.1345043234913226,0.014554604882285258,1.128374225315783,0.044632097334084575,1.0122260975869253,0.023361256396051855,1.0080149038416637,0.09281348836696511,0.9713051425224165,0.021067990167365224,0.9696725625153197,0.028668966915952613
33500,1.1196754297946963,0.060608976062161195,1.0648422378167457,0.4475506374559904,0.8366453517226142,0.15283862236732865,0.9426473096292551,0.8140965094713777,0.8152040970497254,0.08809448581900721,0.8489558492196558,0.34039333643963987
33540,1.070399072928226,0.05244325900226877,1.0427471247240447,0.3775419647294557,0.9160728378225788,0.1029049481497575,0.9498424081849073,0.6650091293877294,0.7439730089241717,0.0775565897663395,0.792652868151668,0.2857029998459124
33660,0.9324864765267439,0.03013023671201736,0.9432742292945828,0.16681091621892663,0.9363862920888105,0.07017967311920786,0.9510123996397061,0.4800614429765591,1.1115852900588454,0.05402083138133128,1.0795328104787965,0.1625164659435473
33700,0.9762416427648214,0.03029941426944699,0.9797632304751286,0.16837313095212644,0.9385529271755428,0.06834470526120938,0.9517650896013568,0.46685224653005664,0.8587936436992649,0.03863667351361757,0.8638113066152988,0.09030160129505506
33740,0.9428585717088003,0.051285623971942834,0.9627920497201762,0.36710952687336856,0.8268425796035409,0.10786967394683744,0.9228432446506211,0.6856657994989591,1.3694210828800855,0.07401143133950885,1.2479218518990567,0.2669949911991448
33780,0.9176754944852329,0.05235361892209381,0.9476192249348189,0.37673824070761275,0.7060932001014059,0.12904256067715175,0.9035878893980491,0.7573803513037511,0.6003921182751935,0.11738283497893506,0.7505135671362999,0.47814384160871354
33860,0.9576732123189328,0.03744919808187758,0.9670002821509219,0.23622518077803994,0.9418811836161017,0.1044033940128181,0.9586480396137189,0.6714190884644086,1.15871227310334,0.060667883605478,1.1106667296764585,0.19662348409696365
34060,1.1002220643439624,0.036843087865999484,1.0764771223266252,0.23038793014305753,1.0788655444935935,0.07902017406038071,1.018458326777592,0.5392919195041134,0.7079479020493562,0.08185697570183718,0.7715697437616277,0.30822841574152615
34100,0.844303091916692,0.047730164912879895,0.8954181291695029,0.33440447082805475,1.0750229591658491,0.11885394858715359,0.9965036245687993,0.7258915644588242,1.5944567871462025,0.10501286122526443,1.3067300456298696,0.4230668754837799
34580,0.9144400009480428,0.04591631498567638,0.9406931131227197,0.3173846467587871,0.957839888353369,0.09237052800317405,0.9633860516259916,0.6153132132260902,0.8213574344079602,0.0668500583212425,0.8426632079528593,0.229089875238973
34620,0.9912527107943122,0.0647679580528253,0.9940900317528074,0.4805507981540761,0.9515960892401303,0.13075805244113148,0.9632252614076896,0.7622007980671119,0.8616880687422296,0.12627354489113962,0.8887942715438244,0.5146306560849182
34740,0.8976651319838057,0.04475369417596705,0.9281472029982258,0.30637744775733056,1.0629940744711137,0.1203581853024459,0.9927279780603289,0.7308678972384594,0.736292485879402,0.08176902817739617,0.7910961251374333,0.30777018150883534
34820,0.8854105007218506,0.036065587253777676,0.910320077731188,0.22291143346734965,0.7867991962998859,0.06742708196413723,0.8696475078174937,0.46012971115362583,1.0245510348023963,0.05760152342863891,1.0046336944212029,0.18075158503599148
34900,0.9882864276661599,0.05117560870490565,0.9915340602569438,0.3661122189222783,0.8495416868676623,0.09899522150236141,0.925505364581318,0.6475367517135111,0.7967934477772929,0.06064092996532118,0.8198931440041906,0.19648313084560667
34940,0.8863038644335967,0.03183932210997412,0.9065585041416118,0.1827159491374363,0.9770886808082504,0.06973292258899791,0.9722077620846223,0.4768742959795246,1.0102195046436733,0.05201854087195708,0.9956012500290868,0.15249546483748475
34980,0.9927600238772983,0.012796983756153785,0.9929132875196957,0.034856434929900884,0.9918277879768428,0.029443818805959927,0.9883363570677666,0.13980073636438503,1.0014900944116656,0.020612985755274253,0.9990959414600113,0.027477673073591564
35300,1.013722176311738,0.02775109559204135,1.0113172283178395,0.1451811312101411,0.8934727000622996,0.04824690156348395,0.9157660299431511,0.30380351865095495,0.9107106845332769,0.031789760831204564,0.9109404309594504,0.06296903381217568
35380,0.9574213714750326,0.02272259078284672,0.9614833641298063,0.10222539981883477,0.9720282204354977,0.04949572177930537,0.9703996135521848,0.31472057489360866,1.0886916867312022,0.02706313381568338,1.0805955006886903,0.046441075653874
35620,0.9842453876424254,0.0044847651743227905,0.9843024059469605,0.004416041190993107,0.9090088195645978,0.009883456954434728,0.9100490318570674,0.017982867097699674,0.9936093942690001,0.005999631132394319,0.9934201557808402,0.002387862908160634
35660,0.9069448469323945,0.05538361424173591,0.9433457244010012,0.4035029403123969,1.0588613728249827,0.12823917361286608,0.9893882328511493,0.7550777961755,0.951620336085507,0.06921597827663771,0.9426178574811812,0.24160535081138118
35840,0.9413525224084369,0.02028150467190549,0.9459937655729768,0.08316969573651753,0.6832895117556023,0.03815869335742281,0.7440950567464831,0.2144332790489885,0.9332738525623667,0.03412324237043386,0.9319145751228378,0.07186390453932909
35980,0.9143181361301791,0.03179493410747266,0.9294196363098054,0.18229965567781173,0.93056715719125,0.07565815579245581,0.949349915370688,0.517626822241332,0.9120256984807232,0.05225648452608231,0.912384315493346,0.1536788611610487
36100,0.8493185777543035,0.031347968567259334,0.8756510798772901,0.17811674388302487,0.8931384625837927,0.09462998995568037,0.939334771391612,0.6266881503951928,1.070185928268176,0.048677209604360144,1.0489755853915477,0.1361149621188256
36220,0.9577543648884588,0.05847497971960117,0.9746935570525188,0.4298997543982726,1.1113973203673149,0.1346751810646476,0.9997032573455515,0.7727346884559215,0.8388130747371095,0.09315878214653504,0.8664570945163231,0.3659221785697286
36260,1.0754492813295702,0.03311257253102849,1.0602042687388709,0.1947192802589313,0.9502604116051804,0.0554257752541323,0.9563241915985178,0.36544121885651143,0.7699268164926558,0.03661211833326252,0.7817471922568281,0.08184017784613855
36420,0.9824358893245418,0.018609777751832812,0.983480453873019,0.07095681058768456,1.0088226623386318,0.040207627725495784,0.9990614668334914,0.23257990429803244,0.792660244273527,0.019751532795104228,0.7957375062110555,0.025285843593566712
36500,1.000382318505482,0.03390359581568601,0.9997300672378185,0.20222979638579938,0.8864402149986151,0.07348493561035171,0.9268930321250041,0.503061683521428,0.7678684640827173,0.03891694340585547,0.781271805648209,0.09149614288377175
36540,1.0577321971543923,0.01787211917968102,1.0537459914528842,0.06580592829221213,1.0540475508688156,0.04276393821947725,1.031786589681771,0.2553035221184235,1.0185237391001862,0.030900591855462768,1.0123047921723167,0.059703136613360276
36740,0.9302464164205743,0.013533616118723252,0.9328441891246919,0.038824528971701064,0.8417873618831688,0.023994425724313158,0.8539708043647942,0.09741603590265771,0.8959489906623831,0.01880940078194407,0.8963721553533599,0.022985269359125475
36780,1.0980368692638636,0.057204414176042266,1.0557514172123472,0.4191664912154209,0.9526627585990987,0.1280275199445885,0.963369156946926,0.7544663203163161,1.1911206125224343,0.11227150167619239,1.0649219056966357,0.4559838270450242
36980,1.0047723880123711,0.05832285259230435,1.0015082639313124,0.4286233421038143,1.102053759785904,0.12762657066644317,1.000207047775016,0.75330235408922,1.0934994882279974,0.11818452817001165,1.0072360178286512,0.48154155426116946
37100,0.9897665836554597,0.024260651665790417,0.9906156636449276,0.11488900527503955,1.0310997377481559,0.03654997590937232,1.0182325697014953,0.20027877715279593,0.7808789939024978,0.026076987600545155,0.7866536145194393,0.043261984462846445
37140,0.9653304360291911,0.03764655635749445,0.9729092087235615,0.23812711017897875,1.0192696498360196,0.08651437959046641,0.9886650633651187,0.5838764785608515,0.7660319188008835,0.08169658540329207,0.8116266486035563,0.30739264631025054
37340,0.9446879335027665,0.027355725797760296,0.9521204753752093,0.14165563446727908,0.7914817052512916,0.06091182906578045,0.8634225665616494,0.4102192266945047,0.8341817725437637,0.033758939123528474,0.8398298875628677,0.07044516041186774
37460,0.8351051499157037,0.03730321850140866,0.8731579653671853,0.23481873555856797,0.8621632357619473,0.08456134316824845,0.9221235433396475,0.5727403301220642,0.8218605941690329,0.05484388348628002,0.8372777748560742,0.1666746518687558
37620,0.8748056710358179,0.045916748674802214,0.9136386117485111,0.31738873939286044,0.8802172734958631,0.1303545142828018,0.9461542061953135,0.7610785210004467,0.7002599953713252,0.19241363664517536,0.8525147961681604,0.7111412111221425
37860,0.9587787022429494,0.031788291648994604,0.9657726662169361,0.1822373728024439,0.8533499755210923,0.05830104909066566,0.8975255931859947,0.3892005778832407,0.8997753295181907,0.03851620072489236,0.9010848169022322,0.0897898266636813
37900,1.0331595618628648,0.03129477206454876,1.0267647897132464,0.17762002313471228,1.0242730221681455,0.056828250474085615,1.0026197134206822,0.3771067554463845,0.948359644201846,0.0496395629207551,0.943572898902858,0.14078497994740122
37980,1.0615327149756522,0.011278213775245233,1.0597761529212402,0.027286106674793656,0.9249521489640111,0.015289175996272076,0.92671125256122,0.04198207632333525,0.9947824816627785,0.010798336493155654,0.994163697213501,0.007694100449373173
38060,0.9938881919242831,0.008669639534202711,0.9939414923004799,0.016305648217163085,0.8966747964364579,0.020601663807060938,0.901847083273154,0.0737017114293657,0.8213948880457698,0.011395502209132989,0.8221907686483612,0.008561136926419263
38240,0.9649941990769951,0.049249240889039675,0.9762027159820963,0.3484929571447756,1.0505880273152588,0.10729477345115662,0.9933673549350126,0.6833577462761803,0.9207463882478447,0.07590259718873993,0.9189772372828084,0.27698633503137565
38300,1.0630984587285435,0.014273039631887778,1.060263275335474,0.04299547429717329,0.9475329979054534,0.023988826871201158,0.9494143269857522,0.09737500549369571,0.9945935148613295,0.021143035537389762,0.992277338869031,0.028867665170829455
38340,0.8402011548395646,0.05127381843140122,0.8978043587924428,0.36700255543087995,0.7486917934771201,0.09897560767713517,0.8899397501110435,0.6474462983457772,1.1381542445324488,0.10809100031974317,1.0403045322385251,0.43722921952780963
38540,1.0272993880788412,0.054659177777527664,1.0153274048277727,0.39718125654883535,0.8821983619874605,0.12795281254367014,0.946049461760254,0.7542500001817115,0.7702679020857754,0.07940291846817456,0.812832736866979,0.29540174626000304
38860,1.0618218733252904,0.028867080854667604,1.0517830818926703,0.15524339829251194,0.9672564689074552,0.05427610575700086,0.9671130843323379,0.35577585836627185,0.9199802191079549,0.07569318691296814,0.918429498811935,0.2758811371495563
38900,1.0228155140136044,0.012831202906557317,1.0219165287720768,0.0350365564861869,0.9797311778330475,0.022596748818047033,0.9786061773349304,0.08736016703776259,0.805971219239652,0.014081639464280676,0.8073817976866193,0.013014153700623202
38940,0.8457451600697897,0.029245425247284195,0.8697726236270844,0.15868944095532836,0.9091352662308695,0.07751857369252317,0.9397111925686243,0.5297451271885548,0.9274390894486264,0.04280463450036286,0.926018551581585,0.10860511705534244
39150,0.920684555813643,0.04536656673508877,0.944558386372832,0.3121885833837117,0.6884714348881688,0.10546750349611772,0.876623665209322,0.6758778241566438,0.6880899161177819,0.07002651059027874,0.7437289599200371,0.24589741654946748
39300,1.0038164500923878,0.014496294815631016,1.0035214973002426,0.044291002411302176,0.9257296049442021,0.029058722359396195,0.9313497637962832,0.1366642373200358,1.1136634963233945,0.022275391081554134,1.1072974829775715,0.03194118215571407
39340,1.32088301226132,0.032415768407587926,1.2599785186287658,0.18813593986103663,1.0313883529641428,0.05114433837267217,1.010154930540243,0.3290223008727013,0.9175415572013452,0.03370743902668154,0.9173180142661642,0.07024547914552166
39380,0.9905101349400199,0.04766867400524995,0.9927290705487577,0.3338308502610578,0.8668572862040245,0.08910798445063906,0.9266705018834731,0.5981551062269722,0.6199331379613692,0.05578863653320733,0.6704193604479717,0.1714733205061551
39460,0.8848089063916802,0.04547933318524142,0.9200025974133251,0.31325573339252727,0.6539764754677403,0.1073776096122603,0.8678878444505437,0.6836916319696019,0.9322557758274362,0.07406538975031338,0.9274723852432679,0.2672803488882999
39540,1.0941653070118185,0.06269056817679743,1.0491241829091198,0.4643018233989327,1.1895471443758785,0.12336648057095567,1.0246494822326744,0.7404684817689615,0.8296552657837896,0.0788118737876175,0.854414330218603,0.29230107257518884
39580,1.0705432782624982,0.015097808169509537,1.0670307676401918,0.04786332960695892,0.9665224731587869,0.03675682425421601,0.9665893610486551,0.20209266116808497,1.0265812622632127,0.01950453081537192,1.023812421721299,0.024672881918737653
39660,1.0195074399812114,0.053605868660137675,1.0108376747430716,0.38790168661006114,1.0386574492351368,0.09758421569001549,0.9926342170930453,0.6409563856160259,0.5912025252380779,0.06878841260622245,0.6685474554195414,0.23934185822591983
39740,1.0146920871547702,0.029301922269131427,1.0119004091010775,0.15920544703401196,0.7786651420040469,0.05693881099105506,0.8498041419941222,0.37802029752068933,1.0553456786664768,0.05701530621930954,1.030286490433277,0.17774184267475118
39820,0.9716710563064062,0.05280406484707837,0.9813753440924308,0.3807698833940165,1.0411639987428019,0.09312219649969901,0.9951551618391774,0.6191427377851851,0.7431998550881752,0.06195258566535575,0.778001339315155,0.2033279268286161
39900,0.9327068314559904,0.023845592326855757,0.9398882450456263,0.11142579480169221,0.9146210880968276,0.042073395102392386,0.9276354453706473,0.2491627206552685,0.7527604455173668,0.027673560730964067,0.7605910480000918,0.048457058046106824
40060,1.0315264651892144,0.017613097858111704,1.0293256676288827,0.06403355099657469,0.9214242282248782,0.027340081261292552,0.9270076931998787,0.12290470358298863,0.9904454863980522,0.021544820772382896,0.9881673059356385,0.02994208239916791
40140,0.969805200186486,0.011476820899631065,0.9705772930678821,0.028228207841617246,0.992282872960288,0.02391331397030529,0.9898207404453863,0.09682219177659178,0.8658097445239525,0.012001654007124225,0.8662703463076552,0.00948726071954803
40220,0.9503751523881613,0.03476882386682887,0.9602219452574271,0.21048310321281394,1.064731867676896,0.08592199693555884,1.0079101209006114,0.5805339709763191,1.0113456480145246,0.05934288138156961,0.9929434026169286,0.1897404700376748
40340,1.2266641920889891,0.048105496866830834,1.1491136462867082,0.33790031665616105,1.2331340109044548,0.0883232020440283,1.0749912580179655,0.5938952210902624,0.9839518738008213,0.0627171077452236,0.9695232111186074,0.20733033449197422
40380,1.032954710778981,0.017195765204236442,1.030763226774427,0.06121858743129935,0.9330985605010752,0.033158799688828684,0.9388671011525368,0.17089496728610734,0.9658444804360875,0.025407806780027478,0.963725330906142,0.04116033609565202
40420,0.937171645969149,0.030961783865688,0.9476400769150646,0.17451638751993231,1.0264010417913172,0.06846089336267056,0.9985507578145812,0.46769790189258637,0.9888904387328501,0.04969551955557291,0.9783772354341997,0.14105776378155632
40580,0.804885494941379,0.05371080084977703,0.8796465721114051,0.3888307266368919,1.0368268493110717,0.16054292729789998,0.9788521458162219,0.8285248916383297,0.9620599262258118,0.08738506910797315,0.9459956751425467,0.3367719537485758
40660,1.048067460470924,0.053068371951601724,1.028562287061677,0.38312718556933206,1.1072758951742534,0.12300021961260052,1.0034582024124161,0.7393240607967051,1.0699992974399042,0.07265976460620914,1.0295573632997985,0.2598427198765742
40900,1.0176970548465556,0.012854219615362181,1.016974909491902,0.03515794366924958,1.0278992462360206,0.02586119628388924,1.0210981815024014,0.11140922221374493,0.8177317829829258,0.015435376311006216,0.8192387615143878,0.015595757929882156
40980,1.0954426513896636,0.05395490904190549,1.0570141406791325,0.3909880878734842,1.0620158708250114,0.11408604380885196,0.9945170645365053,0.7093010597007469,0.8311550033464404,0.0763832327999671,0.8544123953094478,0.2795217054121245
41060,1.099525768823686,0.05660531316180491,1.0571401046484241,0.41404886800124796,0.8931462077149568,0.1153320588041049,0.9457554999287718,0.7137601535304047,0.8050692146646428,0.0955564841578213,0.8463582163317738,0.3777929326929168
41100,1.0937988413859718,0.06457215787155966,1.0475035987483636,0.47903943064595467,1.0082864214640508,0.11774091460273174,0.9783663681014944,0.7221314799611378,0.8160740298977196,0.09261217657940886,0.8517707998872297,0.3631957195456321
41140,1.0132665565754553,0.04696240195390526,1.0079951155736018,0.3272248887145517,0.8783745037611,0.14000631461936797,0.9479261023018882,0.7860807784137787,0.8974219815577804,0.09756122672901316,0.9039869069833978,0.3876024506548304
41180,1.0862796399403882,0.013530286747009493,1.0828211324137764,0.038806170261172564,0.9993947171491855,0.02607115865669393,0.9957168932472684,0.11302030215072359,0.989419755370355,0.01784996022202918,0.9878624304894986,0.02074759291828433
41420,0.9123518674038457,0.030441437536249838,0.9267421827050827,0.16968680203123115,1.101140351648342,0.0627062631301051,1.0441573465508025,0.4243377737256806,0.8809214865629925,0.039192525724210794,0.8840203656212343,0.09267603624507612
41500,0.8674519479224106,0.022455902249682868,0.8804326550338055,0.10007863847008155,1.136883605841006,0.06026150795288773,1.0680153495115505,0.4050355408243852,0.9011838935301701,0.04803251701199794,0.9029363439161607,0.13300974788816206
41540,0.9605681649033156,0.04439159748689532,0.9716522310236223,0.30293557431166857,0.7290064719151449,0.09499740713372778,0.8784931898147595,0.6284995479725414,1.1186600400348827,0.07999671880019485,1.0576736670852782,0.29851265829613743
41620,1.0819823725064295,0.0194763629986119,1.0754341083924086,0.0771970170941884,1.0312497293334775,0.03619093211706663,1.018554958251339,0.19713516239210976,0.8603701797473953,0.023950696326012294,0.8623539106543366,0.03674319679404147
41660,1.13443243200357,0.0655663010563276,1.0676246672059861,0.48666956657045607,0.9022743881627648,0.1361358465639983,0.952420111348604,0.7765012706342399,0.7530112588889446,0.07607893468319747,0.7978525641839985,0.27791673103515296
41700,0.9554621722291496,0.014299962589160284,0.9572613393304056,0.04315082453578073,1.0187345907765148,0.030126133345551215,1.0111909631422717,0.14540211431057326,0.7860837710730155,0.017943451043615503,0.7887725442696448,0.02096092948585518
41740,1.0197994360348228,0.012703637842967007,1.019021279840424,0.034367190581432235,0.9336725842992196,0.021741525499130207,0.9363735306188289,0.08140072005805937,0.748096470935829,0.012188818842273921,0.7497229459973569,0.009782556891264513
41780,0.9512707420063821,0.03547850754132908,0.9612407900061792,0.21727732622997833,0.9296919837220323,0.10005610508245727,0.9539356412256145,0.6523870088306247,0.7273800775145922,0.0749246648697348,0.7782052257996459,0.271822516605311
41860,1.050423801020359,0.00958355875065185,1.0493663087604108,0.019852753603230494,1.087471134522432,0.018065677637966654,1.080516867772692,0.05765544868921218,0.766219850175306,0.009302455419557992,0.7670674140263012,0.005721393981817077
41940,1.097925632060771,0.016403560200877156,1.0922809213142262,0.05601655797769685,1.0737035921833167,0.03459172362084723,1.0541265554167047,0.1832195659756524,0.8395488399312434,0.013893912595638705,0.8404969753014754,0.012673843290640013
42020,1.0683493824352677,0.038228368501699375,1.0509972082467436,0.24373646030037427,0.9387999584151445,0.08214320837872661,0.9544674027101095,0.5584846551460019,0.6412224223692904,0.0537740200246,0.6852722329432456,0.16127378907282694
42100,1.0957280377233243,0.04225594615240994,1.0678791986676677,0.2825256344881667,1.0473705009763732,0.08335684090547094,1.0018216285145225,0.565704675313712,0.6561635190482877,0.0499362565478568,0.6928874352570471,0.1422328578456358
42140,0.9444213312206924,0.04711772135175834,0.9617545158267815,0.32868034332402496,0.8763350974911105,0.08059671220484609,0.9260379795710272,0.5490917695259295,0.6657011616526798,0.04956635543061724,0.700619794423922,0.14042830251442354
42200,0.9528028508262413,0.028045990673471105,0.9593594839137893,0.1478245014856466,1.1965409542479029,0.07017820953251254,1.0862792305494586,0.4800510320321943,0.8274104194247082,0.03988108008507528,0.8357267969115615,0.09564680467836914
42220,0.998026832377861,0.031761947355269306,0.9978685350563785,0.1819903908488543,1.1180966526267846,0.06872834803867887,1.0470668283052587,0.4696397778791676,0.7314628003911622,0.03403528304605256,0.7445436198280014,0.07152035870692999
42340,0.9603936592522822,0.028566341587815743,0.9660006728218046,0.15251634536105033,0.8806043654427551,0.055171575740065176,0.9119396842780642,0.36331190269791297,0.9939723486730786,0.0313206272669833,0.9890970650649409,0.06123720190861354
42540,0.8900373698409949,0.026300584269227243,0.9042154268762512,0.13235719952686417,0.7887123156712322,0.04931520234819278,0.8444966157688116,0.3131466545551055,1.1991019504891334,0.055853656539578675,1.1501818617067008,0.1718045383038158
42660,1.0396802826195906,0.009600420518139462,1.0388331647369438,0.019921281891662368,1.0706965375677417,0.015049571132522544,1.0664670382971926,0.040729713930003304,0.7932557297951437,0.011991338735330207,0.7944027149787161,0.009471113755657193
42680,0.8213509995964878,0.048071187044386884,0.8806997981227246,0.33758114806804546,0.987249341677138,0.125317844584766,0.9720247315663851,0.7464547262553647,0.8189697798510074,0.07532620650839676,0.8451011119128182,0.27394358057531576
42700,0.7810067087395275,0.03995929085750754,0.8372986989887241,0.2604298354843076,1.1090394266795698,0.1506716100918457,0.9939064154317553,0.809735344741961,1.102365979578977,0.0789811969300969,1.047244328671136,0.29318977052180356
43100,1.0226603927779123,0.05918240552914702,1.0115459238208804,0.4358039020330369,0.7791471614692914,0.1333839113578792,0.9235558125479626,0.7693330500145352,0.9854036430517266,0.1256696429415829,0.9490121875263152,0.5122354095033906
43300,0.8797699026273343,0.036385743658731734,0.9062980127688872,0.22598825595443786,0.5341966694692319,0.09100930460834095,0.7973650457781336,0.6082613019246284,0.9574673278299163,0.065698288978513,0.9478538328944326,0.2230091123106836
43340,0.889735136802606,0.030324253436830564,0.9078467609851423,0.16860274166727643,1.020974433297231,0.07826799120309018,0.9920448304975756,0.5345357894602679,1.0583279438014122,0.04108875718247706,1.043796647461739,0.1009337211420566
43420,0.8972195201912989,0.04328922424305168,0.926443429460208,0.29242185412547544,0.7807619412466381,0.09713713002057939,0.8996446600085917,0.6388401054774779,0.8149090727062308,0.07080665924154526,0.8397745371609182,0.2500293713822714
43580,0.9763588582526471,0.04813574376534369,0.9833924146768699,0.33818162335437574,0.9949537920182198,0.10692466333749254,0.9757932789223971,0.6818604821052867,1.0424753927583288,0.06776328715825422,1.0125067670292323,0.23391763349434283
43620,1.0969926055079822,0.037881560939175385,1.0729928851383765,0.240392446001881,0.9752911100757907,0.07974273836318277,0.9707026115081034,0.5438117031668314,1.1081051866493379,0.06835009052090679,1.0621831275253257,0.237022046009821
43640,0.9468801872587471,0.03781868850652559,0.9589358845124509,0.2397863263908509,1.0194194108919967,0.09138527846726374,0.9873423879014527,0.6102242238510613,0.9284407482262819,0.07739670435863677,0.9244294711742982,0.2848614550863583
43780,0.9919314667935524,0.029116571548335888,0.9927545644329401,0.15751394293092125,1.1493069598878232,0.06972154583236262,1.0623144232573456,0.4767928906725201,0.9232373864952494,0.048932915687039336,0.9220179577081268,0.13735183238936272
43900,1.0002309469737751,0.03451752661853107,0.9995913173112666,0.2080823213812729,1.06224168381502,0.06829981306528603,1.0177406713931445,0.4665251720204539,1.1055414366282568,0.04696646490791506,1.0810857945777672,0.12791799300379075
44060,1.0441248592125576,0.024574505782717037,1.03860476722521,0.11752919000963137,0.9834893579704695,0.05478216596912955,0.9774997425823215,0.360041376718002,0.7582595438167423,0.0370116602026881,0.7712917151644235,0.0834862022023866
44100,0.97100803569888,0.04322775740381758,0.9786392036917871,0.2918341923879287,0.9888601350606545,0.07204022348767078,0.978007884663014,0.4931342508818198,0.9333141384347086,0.07620986427488247,0.9280331654944755,0.27860738945705044
44140,0.9729781822957324,0.030816749786613574,0.977165176323464,0.17316770616546828,0.9124189784588912,0.06379954195957686,0.9359784086383505,0.4328035108681184,0.9958951977917886,0.04960943175310121,0.9844281325616535,0.14063814867086463
44180,1.0293459382002577,0.02870947068066326,1.0243948692277263,0.15381284602524467,0.8942173215210845,0.05775558485058882,0.9221634020977713,0.3847407805692659,0.7327517389673893,0.05713465520668404,0.7651421446730506,0.17835389149644426
44220,1.037060262861122,0.055576209484876446,1.020892461784801,0.40517512619309776,1.01188731298625,0.12953963051345244,0.9777160461248598,0.7587904793668826,1.0421499480708147,0.09119835201358502,0.996642397496827,0.3561100302217975
44300,1.2033860832458554,0.05940345265361304,1.1131323940405824,0.43763807196276394,0.9908139105156171,0.09519122265901137,0.9757319789073112,0.6294508106240169,1.1098950342522766,0.09511219856438709,1.036450914140877,0.37560449154322845
44420,0.8956165497666787,0.04085656471542599,0.9229385047790359,0.2690745344551066,0.9789891724150961,0.0972771188095969,0.9712283245429025,0.639504372949493,0.8953514084989611,0.11424693297060906,0.9041833953491623,0.46464973122158276
44700,0.9901862660107018,0.023809714860680908,0.9909609119478215,0.11112798308356492,1.0200118860795835,0.06018403623613511,0.9985137805089448,0.4044156855334112,0.8692547172547295,0.02889359053329941,0.8716269527445393,0.05259417459602544
44940,0.8677436247668833,0.054772329133548556,0.9192724084429386,0.3981719450637173,1.1015933699577696,0.15657333766846288,0.9909323626624821,0.8212933993169796,1.0576139500332293,0.07885874079210087,1.0157052036712497,0.29254708814745733
45060,1.0160451799750763,0.02422671527533537,1.0138805096621633,0.11460462134978261,1.0034909442179938,0.04306204332869512,0.9940401567387542,0.2579539772670816,0.9898321696653855,0.03460516955079239,0.9842654868831627,0.07375734970660205
45220,0.9867804108485034,0.029612126655805395,0.988461888850843,0.1620450210309577,0.895827575274264,0.05332570180320921,0.9205246800456011,0.34771982802136625,1.0046898646957465,0.0356284484476586,0.997658591515945,0.0778393121356836
45300,0.9248716132658458,0.012547705178599886,0.9272972814017102,0.03355681614772428,0.9166346149095405,0.021437862534466147,0.9206180664914305,0.07932186428184121,0.9059593140614156,0.013891174937104189,0.9060657320716895,0.012668912539692422
45460,0.9373745391572249,0.040774894102508646,0.9534134730444751,0.2682881908866608,0.9111208422386164,0.10616352196479036,0.9489495186767648,0.6787530369746302,0.6814689915482776,0.10001803820171215,0.7745024036304584,0.39947318566003626
45500,0.8365420941582508,0.03473963947605753,0.8703040173894488,0.21020414419325772,1.1090667075775453,0.09428110637432838,1.020189353228123,0.6249582883605175,1.166724730339979,0.06256843465871983,1.1145983053773527,0.20655132462514594
45780,1.02441590710476,0.026092500311262222,1.020857438053525,0.130543450352428,1.0947145245278214,0.053915313666703796,1.0496147951871837,0.35272446545071234,0.797744795913239,0.03736468445884726,0.8076512487137376,0.08495047350322439
45820,1.0304882793166554,0.04227985444312849,1.0210636991673454,0.2827550057068747,0.9309060270055448,0.07256119906114528,0.9487624317393939,0.4967367197437771,0.80655688966664,0.06418912905607234,0.8297407954378468,0.2150593589736881
45900,1.0169769343390753,0.03788283271075644,1.0122121338706795,0.240404706881178,0.9556973229313381,0.10138275629531678,0.9630418137935718,0.6583369968142905,0.46502214715458207,0.10204269034223991,0.6488576788356435,0.40912609246102005
45940,0.9233030054021868,0.03371161535310997,0.9381036227113517,0.2004036909722275,0.9366503858404008,0.0670362962798797,0.9504605340947011,0.4572432919154457,1.026868044594671,0.04664439936662242,1.0126479872960026,0.1263906249836932
46060,0.9923626768156903,0.0197526128043299,0.9927425217614101,0.07922771811425534,0.9031876366054521,0.04619338365969755,0.9213785174537952,0.28572447316529326,0.7485145391224377,0.01944224278074335,0.752580952639678,0.024519404808610985
46140,0.9438420563043066,0.015052194199053475,0.9463792246472119,0.047588296451169694,1.004756166593837,0.0330712444373719,0.9983071321706924,0.17014702158215989,0.693884534338168,0.01738063046736265,0.6982261452744366,0.019692103880508405
46220,1.1065226625360804,0.04441587075369068,1.0733666647319535,0.3031664910814597,0.9794778362317275,0.0846975944861781,0.9722373957562205,0.5735280952800565,1.2815751589508377,0.06955316043455297,1.1921982212731788,0.24339069921525341
46300,0.9510436575889025,0.051277830551627365,0.9679690562616006,0.36703891103495956,0.8406617385009941,0.11916725122334175,0.9323952803326541,0.7269379351813678,0.9437850031998363,0.07150180339122157,0.9363193612159106,0.25371113060938455
46340,0.967169681113077,0.0431872285313819,0.9759093903776308,0.29144663420295985,0.8669017981006271,0.10333848340563082,0.9335575196776011,0.6668796427353407,1.0780990327442577,0.05741859469902765,1.0486567420155566,0.17981146437513565
46520,0.9977534463562934,0.019404575458975018,0.9977077169054523,0.07667254020201103,0.8412173382477136,0.04496302095188209,0.8757464166998077,0.2748340274745089,0.5175836277341255,0.015369757571482186,0.5237199551404192,0.015465485062609991
46540,0.9736185339006196,0.030538709411698138,0.9776339097008362,0.17058767590156218,0.8556566123314593,0.06143981226960743,0.9017367805422611,0.41440178860812454,0.8874976576472353,0.06356901277237312,0.8931869419097377,0.21179998990897414
46660,1.0652725101306273,0.056143561612556854,1.0373397004573075,0.4100801449107418,1.0129524951008793,0.11844125369312346,0.9795534966365811,0.7245052046087567,1.1194016981242454,0.0716685304895018,1.0671990947384131,0.25459412424010736
46700,0.9609126352843602,0.03164226888680998,0.9674681243807195,0.18086909119104655,0.9787289465301967,0.06890608994871182,0.9731364588303424,0.47092662196005974,0.7626017192870507,0.030157319609542918,0.7712560479411267,0.05702734361251862
47020,0.8899878332358132,0.051387336710737745,0.9294293822581577,0.36803067992873006,1.1042562926148434,0.13818047760323685,0.9968577166970579,0.7816328504144344,0.6655372232546966,0.06114234972206119,0.7150767606627024,0.19909627270208163
47220,0.8594920998509993,0.0490325018860766,0.9071920094828956,0.34649284110030365,0.7120997061818073,0.11742969519602274,0.8957944907604002,0.7210680486375581,0.8856169703491312,0.05057702772456508,0.889795305059427,0.14537243600258237
47260,0.9708464448149866,0.016646194982044088,0.9723616661966771,0.057589821440608875,0.8090656521574788,0.02784581293145554,0.8290907065058656,0.12691129913383345,0.9343385516909132,0.019716267475738826,0.9338351150727198,0.02519790428714011
47300,0.9595033063109749,0.03316636714423928,0.9668543979930482,0.19522885729309547,1.0060590751562493,0.07461846779980229,0.98603621776737,0.5107138849196601,0.8730315813298982,0.0464490039222385,0.8782168192867882,0.12546651079682367
47380,1.0367441819529515,0.04077764052029608,1.0261223672612347,0.26831463593150134,1.1730659194367645,0.089733698719942,1.0490261650831976,0.6015143235152727,0.9251529528278578,0.046597511282866697,0.9237911250010904,0.12616869442877762
47460,0.9233296194301205,0.05064674841049838,0.9500037695179591,0.36130419787539475,0.9795236888306132,0.1289611366119016,0.9699304385530703,0.7571483085916287,0.9878837363007373,0.08306658398094532,0.9647588945198542,0.3145189020033757
47580,0.964650826523675,0.039918272068370925,0.9731035553256685,0.2600344011603873,0.8534779295978632,0.08230866457466376,0.9169088984032644,0.5594767623500553,0.8956962506210289,0.05895556986341624,0.8991999530249299,0.1877352603905417
47900,0.9876986753284234,0.007894465671949812,0.9878269107674444,0.013557914262596076,0.9503779192321066,0.014701758792016729,0.9510194980468617,0.03894131504524485,0.9271469544629746,0.009148932024526019,0.9270761726773012,0.00553514251798689
47930,0.9436411439416522,0.028292159142835976,0.9516706571109056,0.1500398315027908,0.8658808482366598,0.06337289024883286,0.9092498126690326,0.42951220320303723,0.925039721959352,0.03828351046844769,0.9240912503358797,0.08880425156929046
47940,1.120056545970517,0.04716876875236114,1.0796031391622762,0.3291583657619438,0.9829473710830597,0.11257404608991797,0.9716209753825779,0.7037685403792145,1.0356632137370092,0.09152098988672949,0.9922690007107567,0.35773119411699095
48060,1.0449798127932397,0.0382351115025992,1.0333205450271348,0.2438014870533497,0.9363209050036742,0.09183151162807889,0.9550232765393274,0.6125389103102282,0.8657217720280698,0.0765742153197721,0.8793659761598248,0.2805286306623698
48140,1.1409264000397266,0.0583400460601528,1.0792827308477866,0.4287677221867283,1.012900486029135,0.12713195353036505,0.9782797320936709,0.7518562875296685,1.185488368720695,0.14374078036915677,1.0285712520623291,0.578754194359063
48260,0.8652861945824912,0.032694421244065505,0.8904424895635176,0.19076467232159816,0.9807906890849395,0.08623493079793192,0.9726749857446383,0.5823034964472505,0.9041032327824082,0.12809599520450538,0.9094546744421171,0.521785731886287
48300,1.0119654860885658,0.058976972164567085,1.0055372095897432,0.4340947180711327,1.0843325942160427,0.11373774863409514,1.00115283192872,0.7080385415589057,0.9091696741817752,0.08469410116852832,0.9108456213590423,0.3229451392746999
48540,0.8561883118851185,0.02850236170698629,0.8776067613103993,0.1519376148590788,0.9538686860187227,0.08207491120631484,0.9611151502700058,0.558074412439957,0.6117988927816165,0.11654918061035346,0.7553904492339417,0.47458814301023516
48620,1.0083478496208687,0.025196418452886275,1.0069734668249446,0.12281331762881777,1.0116040676319997,0.05518598083119165,0.9953402302302297,0.36343268721599353,0.7958421933685754,0.03490404902014167,0.8047239823856716,0.07494102137436405
48660,1.0162262495062402,0.04991148654726841,1.0094646321780236,0.35458263603793516,1.1298487284415477,0.10304857141307294,1.0213541401396862,0.6656302501971262,0.7646060192024244,0.05627512478327258,0.7906562570976005,0.17395443392657706
48680,0.8010431696936572,0.08360093624702704,0.9199875161948763,0.6065066069451162,0.763625040790739,0.18195879715853464,0.9386539415084442,0.8612422929850876,1.1707296259543392,0.1380303324235592,1.0274514129161263,0.5588719468354898
48700,1.0244401106275802,0.04456243743775289,1.0161307663563857,0.30456023748740224,0.8161941867771519,0.08862466456729967,0.9059174673025332,0.5955377645089416,0.7089265805132947,0.11106882429275267,0.8015039528731391,0.45064582053801727
48900,0.9751233246841212,0.03184823731547796,0.9791510750940486,0.18279957938446476,0.9710741518844525,0.06025363668943634,0.9693648831300541,0.4049725849596555,0.8716748398350241,0.053911078198811524,0.8785881608361502,0.16196361927350014
49020,0.9489482074086026,0.041442686125317985,0.9621918457208506,0.2747140478890913,0.9678987908470505,0.10130766828125001,0.9672109524655611,0.6580036122845658,1.0932219897096596,0.07887009861872292,1.0408855519308382,0.2926067042233142
49180,0.9453128045835403,0.022077480511836643,0.9503447355409331,0.09705867519912742,1.0994358814215937,0.0567442013905399,1.0495303071302429,0.3764116675835436,1.006499870620282,0.04546420835076288,0.9953657095055026,0.12083878559954728
49340,1.030570923390676,0.022363984142310497,1.0272515114248857,0.0993422415060286,0.8945972072912738,0.040593202668050825,0.9116499837158334,0.2360041970486382,1.1460100595779832,0.029525629768971814,1.1333172509871645,0.05479285147300221
49420,0.9853029273428062,0.043356232633975686,0.9887769156978325,0.2930623352369788,1.2264030788712539,0.11165582879668877,1.0446294941701075,0.7003423011717824,1.0184253559936116,0.05905153837013207,0.9988368035648776,0.18823181280612267
49620,1.0138839500694086,0.02767110255980142,1.0114674758007123,0.14446610323001785,0.9483699745228061,0.08039069219272281,0.9584956668671781,0.5478240620923818,0.9301778970772157,0.043922925332512075,0.9283793115079105,0.11370031649256568
49660,0.9712704013213471,0.029819486997959166,0.9755144878940689,0.16394904523606327,0.9120894624311097,0.07292791023193657,0.9394307783525043,0.49925721964485925,1.0228112696944922,0.05335129778351911,1.005551115937804,0.15915013163623618
49700,0.9471999864737077,0.047552003373404574,0.9638227801565542,0.33274180216399063,1.1251954501211971,0.13252298518351813,1.0037428942750874,0.7670267861384279,0.9399315090127094,0.049686044238793484,0.9363255243162589,0.14101156299110576
49740,1.0134527245304958,0.03828934969565281,1.00947128411642,0.2443245481687338,1.0155850956490182,0.10924308970119469,0.9819069643857412,0.6910936511621011,0.7904303818042288,0.062396910165356305,0.8159167220384774,0.2056529790915835
