cbsa,cbsa_title,pop_pool_18_70,median_gross_rent,rpp_goods,rpp_services_other,venues_per_100k,resident_walkability_index,pleasant_days,students_per_1k_adults,feature_flags
35620,"New York-Newark-Jersey City, NY-NJ",13434144.944819182,1830.0,110.261,105.836,245.05467326147792,12.593789472140912,211.4207650273224,64.63306772157853,
31080,"Los Angeles-Long Beach-Anaheim, CA",9022458.0,2063.0,106.623,104.362,215.42909925432738,13.404488405347527,279.23497267759564,82.08372928973458,
16980,"Chicago-Naperville-Elgin, IL-IN",6358333.111873916,1430.0,107.258,100.492,197.3787748956312,11.650999311594004,193.46994535519124,57.52498234434323,
19100,"Dallas-Fort Worth-Arlington, TX",5384789.442037957,1614.0,102.838,99.673,181.12128812057742,9.706591541024373,153.5792349726776,53.90925738595551,
26420,"Houston-Pasadena-The Woodlands, TX",4943900.664072214,1430.0,100.639,95.595,175.85304784095092,9.584182701444789,230.36885245901638,48.85575508328457,
47900,"Washington-Arlington-Alexandria, DC-VA-MD-WV",4314449.246997268,2027.0,104.847,102.321,173.48680147783276,11.135179278576345,147.59562841530055,60.309204049877835,
37980,"Philadelphia-Camden-Wilmington, PA-NJ-DE-MD",4239036.167607842,1480.0,96.833,103.052,188.816506477622,11.747489988792836,172.52732240437157,60.545130980761016,
12060,"Atlanta-Sandy Springs-Roswell, GA",4251636.97521425,1672.0,100.416,96.701,177.01417227939004,8.507075375851764,154.57650273224044,48.266820802511916,
33100,"Miami-Fort Lauderdale-West Palm Beach, FL",4188016.476407403,1869.0,103.556,109.113,204.96576478045745,12.502803099824492,188.48360655737704,55.17528436235345,
38060,"Phoenix-Mesa-Chandler, AZ",3329154.7172955507,1702.0,95.024,104.016,156.01557875986495,10.615891179855957,166.54371584699453,62.140698635975795,
14460,"Boston-Cambridge-Newton, MA-NH",3459780.6505944803,2023.0,99.651,103.603,234.32121335804933,11.581430428777859,144.60382513661202,85.95805053389718,
40140,"Riverside-San Bernardino-Ontario, CA",3086622.0,1846.0,101.431,101.281,146.72998507753783,10.804546745329766,155.5737704918033,52.520198456435544,
41860,"San Francisco-Oakland-Fremont, CA",3241316.0,2474.0,108.465,106.207,267.9467228742893,12.98399856017374,365.0,62.60327595334734,
19820,"Detroit-Warren-Dearborn, MI",2943444.9801061735,1207.0,98.817,102.591,166.36968019097674,8.516552470968545,177.5136612021858,37.1829610336566,
42660,"Seattle-Tacoma-Bellevue, WA",2855286.0,2000.0,103.972,106.835,235.52806969249315,11.793215318227992,195.46448087431693,50.81837686312334,
33460,"Minneapolis-St. Paul-Bloomington, MN-WI",2486699.8473231317,1440.0,103.065,104.419,167.37042086041407,10.304002404166106,164.54918032786884,53.20987981015716,
45300,"Tampa-St. Petersburg-Clearwater, FL",2217987.0,1628.0,95.47,97.565,177.36803687307454,10.431547984125979,201.44808743169398,45.61343236006343,
41740,"San Diego-Chula Vista-Carlsbad, CA",2275596.0,2246.0,107.963,99.597,210.14274941597716,11.801962890645697,164.54918032786884,88.20634242633578,
19740,"Denver-Aurora-Centennial, CO",2100451.891174245,1874.0,100.957,99.448,206.66981320734698,11.84363304385965,74.79508196721312,56.98250005292365,
12580,"Baltimore-Columbia-Towson, MD",1910698.04925211,1611.0,102.353,101.496,157.79573340644475,10.645786148232418,168.53825136612022,66.29828300164112,
41180,"St. Louis, MO-IL",1872416.5093749235,1113.0,99.996,98.642,189.00709229387422,9.475874604560133,147.59562841530055,63.62366460855959,
36740,"Orlando-Kissimmee-Sanford, FL",1913637.0,1760.0,96.24,98.864,186.03319229300018,9.65206629126446,194.4672131147541,60.575751827540955,
16740,"Charlotte-Concord-Gastonia, NC-SC",1874794.4171049092,1473.0,96.58,98.2,188.12729373530226,8.251611094214581,144.60382513661202,39.79849700812543,
41700,"San Antonio-New Braunfels, TX",1772826.6470351105,1363.0,93.757,96.24,179.14893175322968,9.766956944539784,201.44808743169398,62.911960504726736,
38900,"Portland-Vancouver-Hillsboro, OR-WA",1746900.4628786552,1724.0,105.222,100.136,250.95877487923738,12.595487140436163,237.34972677595627,36.957457721209956,
38300,"Pittsburgh, PA",1645303.7645133263,1053.0,100.684,97.726,205.49396852562876,9.724128996379712,188.48360655737704,69.94453090189104,
12420,"Austin-Round Rock-San Marcos, TX",1714338.280026724,1726.0,93.757,96.24,198.67724122376276,9.2390987217895,159.56284153005464,72.42561252150567,
40900,"Sacramento-Roseville-Folsom, CA",1629422.0,1819.0,105.168,100.267,194.3634000277399,11.759445664695058,84.76775956284153,78.75492045645633,
29820,"Las Vegas-Henderson-North Las Vegas, NV",1574000.0,1626.0,96.271,98.744,196.6327827191868,11.738378628778879,130.64207650273224,42.46188055908513,
17140,"Cincinnati, OH-KY-IN",1505468.7206944511,1105.0,93.751,99.04,184.19512553677336,8.902434599210945,164.54918032786884,60.68807590891367,
28140,"Kansas City, MO-KS",1464481.6555114817,1249.0,94.12,93.373,174.60102626597583,9.620293890794345,143.60655737704917,41.79226128894324,
18140,"Columbus, OH",1463127.3290836045,1274.0,93.628,98.939,169.91002427362542,9.224409977875107,183.49726775956285,69.36443464805299,
17410,"Cleveland, OH",1442809.0,1050.0,93.628,98.939,187.89735855542904,9.98104382637812,205.43715846994536,44.22484195759799,
26900,"Indianapolis-Carmel-Greenwood, IN",1406392.2674472718,1191.0,94.318,99.141,182.5237566656517,8.814558570375999,193.46994535519124,89.02992635708188,
34980,"Nashville-Davidson--Murfreesboro--Franklin, TN",1421296.1551702137,1528.0,96.247,95.142,195.66646893989164,7.7182714494855995,128.64754098360655,57.83453342991403,
41940,"San Jose-Sunnyvale-Santa Clara, CA",1373379.508780633,2840.0,105.168,100.267,220.11395835401657,13.579090657630363,212.41803278688525,76.23894148017634,
47260,"Virginia Beach-Chesapeake-Norfolk, VA-NC",1207730.9791063531,1478.0,96.767,98.599,191.26776078140003,10.009836506681003,184.4945355191257,58.52213880635746,
39300,"Providence-Warwick, RI-MA",1158642.0,1307.0,97.116,102.275,251.2424027439019,11.687133230824237,162.55464480874318,71.68046730569063,
27260,"Jacksonville, FL",1127001.9204529428,1513.0,96.24,98.864,174.97751904517182,9.17000680951742,225.38251366120218,33.41786674583803,
33340,"Milwaukee-Waukesha, WI",1049063.0,1139.0,93.787,99.411,214.09581693377805,11.234283615679361,185.49180327868854,61.81420944214027,
39580,"Raleigh-Cary, NC",1015339.8346909846,1573.0,96.621,98.186,193.23579485061063,8.983048930622221,119.67213114754098,55.7783690395998,
36420,"Oklahoma City, OK",968783.3456312903,1124.0,93.778,95.458,193.23205837938355,8.954968851323404,120.66939890710383,74.44079249009616,
31140,"Louisville/Jefferson County, KY-IN",913657.5497034022,1116.0,96.23,96.796,160.01618992527392,9.258320521723288,150.58743169398906,45.30362608335799,
32820,"Memphis, TN-MS-AR",877840.8256866453,1220.0,96.221,95.372,150.59677806234794,8.988110109312723,140.61475409836066,48.934839600788806,
40060,"Richmond, VA",903301.5647039898,1447.0,96.773,98.612,170.5964054767228,8.45946464255387,164.54918032786884,59.51279406630541,
41620,"Salt Lake City-Murray, UT",855390.1349114189,1583.0,96.446,98.959,166.94136882323042,12.878819090041862,101.72131147540983,74.1907083211474,
13820,"Birmingham, AL",783641.7952634515,1172.0,96.397,96.693,135.77632107311163,7.561413847996694,168.53825136612022,47.83052694043581,
23420,"Fresno, CA",744227.0,1392.0,105.168,100.267,139.60794220043078,10.677844132058649,137.62295081967213,84.18936695389982,
24340,"Grand Rapids-Wyoming-Kentwood, MI",773303.6323649785,1202.0,93.711,99.561,153.49727459184723,8.163082472648274,167.54098360655738,56.65821052204882,
15380,"Buffalo-Cheektowaga, NY",786866.0,1057.0,99.693,97.754,207.53215922406102,10.553462740558084,161.55737704918033,76.77673199757011,
25540,"Hartford-West Hartford-East Hartford, CT",785369.216242051,1416.0,97.33,102.658,223.84376209853684,9.717853624332252,196.46174863387978,102.18251281097656,
46060,"Tucson, AZ",691963.282704394,1212.0,96.237,99.838,159.97958673089153,9.890788815105642,225.38251366120218,81.21529191601303,
40380,"Rochester, NY",710331.053535345,1143.0,99.693,97.754,196.6688620815713,9.311202428373303,179.50819672131146,80.06266897237681,
46140,"Tulsa, OK",673643.0380776,1078.0,93.778,95.458,187.78491404141536,8.94499981585014,130.64207650273224,44.8783677573128,
46520,"Urban Honolulu, HI",664321.0,2083.0,111.562,102.898,205.0213676821898,12.240813266939139,322.1174863387978,54.4164643297442,
36540,"Omaha, NE-IA",642571.1833491611,1192.0,94.063,92.975,217.2521949589887,9.698074131542437,140.61475409836066,64.50024693603328,
35380,"New Orleans-Metairie, LA",657954.0,1217.0,93.691,95.705,282.39056225815176,10.49525056016535,252.3087431693989,65.33891427060252,
24860,"Greenville-Anderson-Greer, SC",641815.1402282696,1150.0,96.339,98.284,189.6184623452726,7.583633969871792,140.61475409836066,81.28352968028369,
14860,"Bridgeport-Stamford-Danbury, CT",643574.0,1875.0,97.33,102.658,252.80698101539218,10.23408790591803,213.4153005464481,42.566977534828936,
28940,"Knoxville, TN",626282.9487841385,1145.0,96.247,95.142,152.64665944617715,6.975866408596893,129.6448087431694,84.29736128453428,
10740,"Albuquerque, NM",621383.0289056224,1156.0,96.144,98.54,152.72383632223998,10.870714676839173,78.78415300546447,53.281146185002335,
12540,"Bakersfield-Delano, CA",571333.0,1300.0,105.168,100.267,133.19727724461916,9.949932668373103,112.69125683060109,72.10155898574035,
10580,"Albany-Schenectady-Troy, NY",624335.4478970156,1280.0,99.693,97.754,216.87059489586164,9.601450040754237,174.52185792349727,84.85822834256093,
32580,"McAllen-Edinburg-Mission, TX",544528.0,957.0,93.757,96.24,126.34795639526342,6.565882638107904,165.54644808743168,94.22839596861868,
35840,"North Port-Bradenton-Sarasota, FL",541388.0,1747.0,96.24,98.864,233.1045387042195,10.595515631739053,173.52459016393442,19.56267963087471,
12940,"Baton Rouge, LA",578583.55288506,1135.0,93.691,95.705,156.76214705331978,6.312337613741524,222.39071038251367,90.69908700018813,
21340,"El Paso, TX",572109.4657464504,1079.0,93.757,96.24,194.89277258246761,11.125589913952332,129.6448087431694,82.01402495373958,
10900,"Allentown-Bethlehem-Easton, PA-NJ",585119.0,1365.0,100.569,97.752,180.8179190899629,10.892997224320673,172.52732240437157,61.56354519337092,
49340,"Worcester, MA",593482.0,1426.0,97.015,101.197,182.98785809847644,9.257876181864976,180.5054644808743,60.96393824918026,
17900,"Columbia, SC",572039.5867284742,1193.0,96.339,98.284,156.8073295643737,7.942855279310435,171.53005464480876,78.97705167290162,
37100,"Oxnard-Thousand Oaks-Ventura, CA",563535.0,2317.0,105.168,100.267,182.06500039926536,11.974764176032576,119.67213114754098,44.18714010664821,
16700,"Charleston-North Charleston, SC",567893.0,1605.0,96.339,98.284,226.45110962804614,8.642014171058074,293.1967213114754,50.60636422706391,
15980,"Cape Coral-Fort Myers, FL",513456.0,1712.0,96.24,98.864,189.88968869776573,9.210623864665866,171.53005464480876,51.13583247639525,
19430,"Dayton-Kettering-Beavercreek, OH",538449.0,1039.0,93.628,98.939,161.0180351342467,9.701518017277818,128.64754098360655,82.16377038493897,
14260,"Boise City, ID",533216.9936399958,1487.0,96.179,98.974,184.5402550437754,10.040872359601373,114.68579234972678,65.13670872134561,
44700,"Stockton-Lodi, CA",518596.0,1734.0,105.168,100.267,132.6658902112627,10.814299886451671,171.53005464480876,35.522834730695955,
29460,"Lakeland-Winter Haven, FL",511865.0,1363.0,96.24,98.864,92.7979056977914,7.595891654941351,181.50273224043715,36.71475877428619,
24660,"Greensboro-High Point, NC",530323.4812370879,1093.0,96.621,98.186,171.59338256666274,6.915720071213512,163.55191256830602,82.43836365309811,
17820,"Colorado Springs, CO",526260.0,1699.0,96.052,99.822,179.9490746019078,10.19875744481182,114.68579234972678,50.97860373199559,
30780,"Little Rock-North Little Rock-Conway, AR",501879.0,1055.0,93.577,95.295,164.18300028492922,8.03881062654111,143.60655737704917,45.02479681357459,
19780,"Des Moines-West Des Moines, IA",482741.76066012867,1150.0,93.73,92.927,213.36459447625148,10.091703195894313,145.60109289617486,59.255283737797804,
39340,"Provo-Orem-Lehi, UT",456155.5910716036,1534.0,96.446,98.959,110.70783958027366,10.589119353408254,89.75409836065573,173.4035525338627,
19660,"Deltona-Daytona Beach-Ormond Beach, FL",461341.0,1500.0,96.24,98.864,201.80300471885224,9.429162866095439,217.40437158469945,57.41523081625088,
28880,"Kiryas Joel-Poughkeepsie-Newburgh, NY",468309.055180806,1638.0,110.254,106.536,240.43951052051958,7.58906092095139,167.54098360655738,73.85507415961999,
10420,"Akron, OH",474176.0,1033.0,93.628,98.939,175.0404912943717,7.25087395624205,176.51639344262296,77.20551019030908,
31540,"Madison, WI",482052.31938419753,1354.0,93.787,99.411,246.03138545522762,10.293712355980157,170.5327868852459,126.03818622346766,
49180,"Winston-Salem, NC",456924.7496469638,1016.0,96.621,98.186,170.70644577748428,6.291470624478728,170.5327868852459,48.02322486788894,
45060,"Syracuse, NY",443292.4145864612,1077.0,99.693,97.754,208.44029123800405,9.820330779884292,181.50273224043715,106.71060104678077,
36260,"Ogden, UT",419182.9758225073,1500.0,96.446,98.959,121.66524630426473,10.975343413884467,68.81147540983606,79.07048213244813,
48620,"Wichita, KS",420652.17022954,987.0,94.027,93.816,175.91731420194492,9.440898744555067,119.67213114754098,68.48651222761934,
37340,"Palm Bay-Melbourne-Titusville, FL",418139.0,1556.0,96.24,98.864,190.8456278892904,9.722022306479033,,34.108274999461905,pleasant_days
12260,"Augusta-Richmond County, GA-SC",408320.4991473395,1120.0,96.293,98.54,135.6777338284192,6.257566672606695,125.65573770491804,40.31881826745966,
27140,"Jackson, MS",395955.8890724174,1072.0,96.219,96.09,139.15691500151578,7.069946179087491,135.62841530054644,58.607538466881586,
25420,"Harrisburg-Carlisle, PA",399353.0,1212.0,100.684,97.726,170.5258255227831,9.994051285610388,178.51092896174865,62.49608742140412,
45780,"Toledo, OH",401032.783538123,939.0,93.628,98.939,200.7317189626905,9.91559436781229,190.47814207650273,92.16453496372675,
20500,"Durham-Chapel Hill, NC",419001.49076563166,1466.0,96.621,98.186,174.46238643787657,9.181022501524327,170.5327868852459,134.70119138924423,
44060,"Spokane-Spokane Valley, WA",398493.3839938267,1264.0,105.028,99.472,215.81286780242323,10.562917679731846,116.68032786885246,61.152834598572696,
22220,"Fayetteville-Springdale-Rogers, AR",387974.9581256844,1157.0,93.577,95.295,181.45501024113503,7.041124878734584,131.63934426229508,96.19177531532897,
16860,"Chattanooga, TN-GA",381680.662795864,1163.0,95.994,95.311,172.39542479832707,6.941095472507831,121.66666666666667,51.778887238439786,
35300,"New Haven, CT",389788.0,1525.0,97.33,102.658,234.99953821051446,11.133591809211284,195.46448087431693,105.3393126520057,
42540,"Scranton--Wilkes-Barre, PA",374727.84592824045,1003.0,100.684,97.726,226.83128815646467,7.750795138552211,191.47540983606558,59.68598342244104,
39900,"Reno, NV",382263.1549508887,1592.0,96.271,98.744,211.8959124125015,9.501621012018331,44.877049180327866,74.80448907945038,
38860,"Portland-South Portland, ME",385357.0,1485.0,97.171,103.191,311.1400597368155,8.306409319073609,142.60928961748633,51.13180764849218,
29540,"Lancaster, PA",356573.0,1357.0,100.684,97.726,155.92879999326925,7.24900141853984,139.61748633879782,42.80469917800843,
33700,"Modesto, CA",358996.0,1623.0,105.168,100.267,152.6479403670236,12.250668007031713,178.51092896174865,58.10371146196615,
37860,"Pensacola-Ferry Pass-Brent, FL",349744.0,1354.0,96.24,98.864,144.39132622718333,8.557606308078336,216.4071038251366,43.91497781234274,
38940,"Port St. Lucie, FL",327798.0,1580.0,96.24,98.864,194.93712591290978,7.237678346589657,224.38524590163934,34.426689607624205,
30460,"Lexington-Fayette, KY",356548.75972345984,1138.0,96.246,96.892,183.14465614926513,9.51843217189635,147.59562841530055,117.9333789650911,
26620,"Huntsville, AL",350740.7070070434,1183.0,96.397,96.693,145.12145007159904,7.085624915853966,164.54918032786884,65.84351214054044,
28660,"Killeen-Temple, TX",320956.72581516055,1217.0,93.757,96.24,141.7636595227592,6.650730553852693,152.58196721311475,33.010680717442504,
44180,"Springfield, MO",322392.40625865763,972.0,94.193,93.026,181.14570587355982,7.153158746824776,137.62295081967213,108.5850637930772,
42220,"Santa Rosa-Petaluma, CA",325680.0,2158.0,105.168,100.267,268.361581920904,10.961914949451499,266.2704918032787,54.449152542372886,
47300,"Visalia, CA",298396.0,1280.0,105.168,100.267,130.02855266156382,7.449550168295115,148.5928961748634,56.864033029933374,
29620,"Lansing-East Lansing, MI",328258.0,1086.0,93.711,99.561,138.61048321746918,9.13706394820955,168.53825136612022,173.34840278073955,
49620,"York-Hanover, PA",305737.0,1193.0,100.684,97.726,121.01904578117795,8.831249780853822,123.66120218579235,15.686684961257551,
44140,"Springfield, MA",314400.0,1136.0,97.015,101.197,175.8905852417303,10.901762035165932,153.5792349726776,60.279898218829516,
23060,"Fort Wayne, IN",293187.12154891645,1003.0,94.318,99.141,172.58602537750863,8.960742904892976,190.47814207650273,43.74680556308153,
47930,"Waterbury-Shelton, CT",307172.0,1330.0,97.33,102.658,174.82062167124607,9.51628239036038,178.51092896174865,10.189730834841718,
48900,"Wilmington, NC",306791.0,1389.0,96.621,98.186,282.92876909687703,8.596740129723534,183.49726775956285,80.2044388525087,
46700,"Vallejo, CA",299975.0,2163.0,105.168,100.267,163.34694557879823,11.923673884134786,234.35792349726776,26.33886157179765,
18580,"Corpus Christi, TX",290573.1029821016,1275.0,93.757,96.24,221.6309745777359,10.479349023682921,210.42349726775956,56.656998982504135,
42200,"Santa Maria-Santa Barbara, CA",293626.0,2131.0,105.168,100.267,250.31843229141836,10.76978569276225,73.79781420765028,163.20421216104842,
41420,"Salem, OR",285790.8101328521,1399.0,105.261,100.298,213.44283243972632,11.551789002814894,166.54371584699453,41.57936357182407,
41500,"Salinas, CA",279798.49121936626,2055.0,105.168,100.267,215.5122414606728,11.832346133840531,247.3224043715847,76.78740477251336,
39740,"Reading, PA",286927.0,1181.0,100.684,97.726,157.5313581503309,7.701168709187584,161.55737704918033,58.5549634576042,
49660,"Youngstown-Warren, OH",276853.0,795.0,93.628,98.939,170.4875872755578,6.5128014985647615,172.52732240437157,36.65844328939907,
31700,"Manchester-Nashua, NH",298242.63286026235,1623.0,97.687,103.687,205.87264607729023,7.301738388232906,160.5601092896175,26.864033230802107,
15180,"Brownsville-Harlingen, TX",264625.0,912.0,93.757,96.24,164.38356164383563,6.5352003102600245,194.4672131147541,32.61218705715635,
25060,"Gulfport-Biloxi, MS",278331.3939858651,1097.0,96.219,96.09,195.80974758013733,6.174482345053392,234.35792349726776,23.56543365831414,
42340,"Savannah, GA",279747.95291756926,1454.0,96.269,98.667,238.42891182711844,9.2262437885906,232.36338797814207,77.74498355814092,
11700,"Asheville, NC",275953.3356243799,1296.0,96.621,98.186,264.53747998670906,8.169100394006742,176.51639344262296,42.333244400064864,
29180,"Lafayette, LA",271487.59471288644,977.0,93.691,95.705,188.9589100903585,6.937931072643569,228.37431693989072,82.02216393551859,
33660,"Mobile, AL",271095.0,1052.0,96.397,96.693,128.36828418082223,6.817038819849562,229.37158469945356,58.426013021265604,
22420,"Flint, MI",268276.1684935006,989.0,93.711,99.561,137.91758025982236,8.285582781333618,167.54098360655738,35.351630572544735,
11260,"Anchorage, AK",272049.30608980986,1458.0,107.34,103.342,213.19664745203517,8.856148663239473,94.74043715846994,35.36858865143935,
15940,"Canton-Massillon, OH",260573.0,908.0,93.628,98.939,172.31255732558628,7.3730658290142905,194.4672131147541,57.29296588671889,
36100,"Ocala, FL",241793.0,1277.0,96.24,98.864,119.11014793645805,7.283504271786772,190.47814207650273,30.19111388667166,
34940,"Naples-Marco Island, FL",237387.0,1862.0,96.24,98.864,270.4444641029205,7.008333375422321,158.5655737704918,12.014137252671798,
13140,"Beaumont-Port Arthur, TX",247030.0,1106.0,93.757,96.24,168.4005991175161,6.575741759260196,219.39890710382514,66.06889851435048,
22180,"Fayetteville, NC",261140.56982428388,1212.0,96.621,98.186,153.17420815507592,6.307158119282138,144.60382513661202,44.55071844190384,
45220,"Tallahassee, FL",268425.18939610134,1252.0,96.24,98.864,170.25227812194197,8.62223637050854,212.41803278688525,212.53594019380287,
43340,"Shreveport-Bossier City, LA",247198.70478862303,1014.0,93.691,95.705,162.21767842306892,6.2953555594714725,160.5601092896175,39.628039347440975,
33860,"Montgomery, AL",249777.06858288683,1095.0,96.397,96.693,130.51638481048917,9.067344059916111,201.44808743169398,50.44498308626268,
45940,"Trenton-Princeton, NJ",261060.0,1623.0,99.79,97.925,201.48624837202175,11.899698237616429,157.56830601092895,101.42879031640236,
21660,"Eugene-Springfield, OR",265988.0,1355.0,105.261,100.298,224.82217242883138,11.5463145225989,227.37704918032787,105.34685775298134,
34820,"Myrtle Beach-Conway-North Myrtle Beach, SC",255846.8835820912,1255.0,96.339,98.284,316.5956093188459,6.853956043450012,176.51639344262296,65.06235200890752,
19340,"Davenport-Moline-Rock Island, IA-IL",245717.2868793611,941.0,94.2,93.53,256.3922172514092,7.377632974026209,147.59562841530055,65.1439717705287,
43900,"Spartanburg, SC",245767.38849844565,1057.0,96.339,98.284,149.32819290722173,6.058625359764111,141.6120218579235,56.88712438789829,
12100,"Atlantic City-Hammonton, NJ",245843.0,1373.0,99.79,97.925,397.40810191870423,11.2202000217615,158.5655737704918,46.60291324137763,
26580,"Huntington-Ashland, WV-KY-OH",241947.05032254552,884.0,96.316,99.409,136.80679287419946,6.626102077081619,125.65573770491804,61.1910745771155,
11460,"Ann Arbor, MI",262145.0,1463.0,93.711,99.561,181.19742890385092,9.618918772555062,163.55191256830602,263.0185584314025,
25860,"Hickory-Lenoir-Morganton, NC",242802.80696131344,869.0,96.621,98.186,159.80045900450455,5.918131405033215,146.5983606557377,30.448577150007786,
22660,"Fort Collins-Loveland, CO",260652.0,1716.0,96.052,99.822,222.51891410769915,9.984848932904741,54.849726775956285,112.74803185857004,
37900,"Peoria, IL",232598.14743844012,955.0,93.643,99.59,224.42139189356763,9.109166917311747,152.58196721311475,50.80435992349212,
31180,"Lubbock, TX",238552.83524415115,1159.0,93.757,96.24,181.09195791274578,7.786097024092669,109.69945355191257,197.00457532563428,
24540,"Greeley, CO",233502.0,1539.0,96.052,99.822,134.90248477529101,7.354812816949699,65.81967213114754,60.89455336570993,
23540,"Gainesville, FL",244622.33129058723,1295.0,96.24,98.864,159.02064130764347,9.286371355641196,209.4262295081967,236.07002555870937,
30700,"Lincoln, NE",232028.07913668407,1082.0,94.101,92.98,195.66597357061934,12.508647570500264,106.70765027322405,153.35212933017132,
40420,"Rockford, IL",216935.0,1023.0,93.643,99.59,199.5989582132897,6.918812826442247,184.4945355191257,34.33747435867886,
17300,"Clarksville, TN-KY",221369.36931112444,1207.0,96.247,95.52,143.1995767917065,5.991532052559356,129.6448087431694,40.263022963548266,
24580,"Green Bay, WI",219154.8566842049,1010.0,93.787,99.411,232.71215966474958,6.801830027870788,166.54371584699453,90.53415607663327,
14500,"Boulder, CO",237687.66155601636,1966.0,96.052,99.822,260.00508228078746,12.738809646123656,,196.28700831407994,pleasant_days
17980,"Columbus, GA-AL",215396.19987828875,1069.0,96.332,98.578,140.2067446736049,6.441176221533364,139.61748633879782,43.594083857124176,
43780,"South Bend-Mishawaka, IN-MI",215146.2737113312,1046.0,94.221,99.213,170.11682037824843,7.007058670574547,181.50273224043715,102.04685222416514,
40220,"Roanoke, VA",207206.58800450928,1043.0,96.773,98.612,184.35707265817572,8.639026114278721,154.57650273224044,41.60581998393018,
28420,"Kennewick-Richland, WA",197387.06620554876,1284.0,105.028,99.472,206.70047325954465,10.842359489482616,106.70765027322405,25.842625345513166,
28700,"Kingsport-Bristol, TN-VA",203712.40053909388,849.0,96.235,95.809,142.8484467464488,6.013858124808049,161.55737704918033,41.27878311652536,
25180,"Hagerstown-Martinsburg, MD-WV",196585.38089905435,1159.0,96.399,99.48,154.13150185139608,6.413814236049293,126.65300546448087,45.201733513251014,
47380,"Waco, TX",197152.31252324145,1151.0,93.757,96.24,170.42660859501223,6.674696729493267,167.54098360655738,151.28912067153067,
18880,"Crestview-Fort Walton Beach-Destin, FL",197456.26530792037,1633.0,96.24,98.864,287.15219500166273,7.370753389973555,189.4808743169399,20.53619313459863,
36500,"Olympia-Lacey-Tumwater, WA",200743.0,1736.0,105.028,99.472,176.34487877534957,9.36244967258185,169.53551912568307,28.329754960322404,
43620,"Sioux Falls, SD-MN",192736.56541742609,1022.0,95.472,91.906,225.6966648014523,9.789009062522526,153.5792349726776,29.470277151086187,
30980,"Longview, TX",184842.21566663263,1060.0,93.757,96.24,154.18555710996472,6.213610509701921,143.60655737704917,48.452135069362946,
32900,"Merced, CA",185011.0,1343.0,105.168,100.267,108.10168044062246,10.978390618045816,119.67213114754098,90.39462518444849,
46540,"Utica-Rome, NY",185590.1543901763,925.0,99.693,97.754,230.0768601669971,8.350231126483948,167.54098360655738,69.42717431502948,
42020,"San Luis Obispo-Paso Robles, CA",190661.0,1992.0,105.168,100.267,305.2538274738934,10.37900865638334,365.0,159.43480837717206,
20260,"Duluth, MN-WI",188404.06116772152,990.0,95.3,92.187,246.27919224466015,8.96429992740424,147.59562841530055,105.40643273247211,
35980,"Norwich-New London-Willimantic, CT",189107.0,1365.0,97.33,102.658,239.5469231704802,9.211630152255326,191.47540983606558,42.1560280687653,
46220,"Tuscaloosa, AL",193798.44632292376,1005.0,96.397,96.693,113.00400191809756,6.304473015669697,146.5983606557377,191.9881232587514,
17780,"College Station-Bryan, TX",196338.50320295035,1178.0,93.757,96.24,176.7355838713482,7.062187764676127,216.4071038251366,372.2194007176368,
14740,"Bremerton-Silverdale-Port Orchard, WA",189994.0,1822.0,105.028,99.472,215.269955893344,9.320952019509471,208.42896174863387,21.200669494826155,
16300,"Cedar Rapids, IA",183253.65679494228,928.0,93.73,92.927,222.64221469618207,9.86091878512976,153.5792349726776,74.4323482464687,
43640,"Slidell-Mandeville-Covington, LA",176054.0,1332.0,93.691,95.705,242.53922092085384,7.052503171654582,228.37431693989072,46.67317981982801,
11100,"Amarillo, TX",171409.15379653423,1086.0,93.757,96.24,203.60639573209104,9.99120008720328,88.7568306010929,83.40278032624565,
21780,"Evansville, IN",178215.33199527598,986.0,94.318,99.141,189.6582051700016,7.049985659990817,146.5983606557377,52.997684847061095,
29700,"Laredo, TX",167283.0,1027.0,93.757,96.24,150.04513309780432,7.74758533570052,158.5655737704918,86.50610044057076,
21500,"Erie, PA",178657.0,904.0,100.684,97.726,195.34639000990725,10.867067431961695,197.45901639344262,81.83278572907862,
42100,"Santa Cruz-Watsonville, CA",185819.0,2264.0,105.168,100.267,239.48035453855636,12.042187033891599,365.0,146.3359505755601,
31340,"Lynchburg, VA",177168.0,991.0,96.773,98.612,148.44667208525243,8.228456101490794,159.56284153005464,123.85419488846743,
28020,"Kalamazoo-Portage, MI",178970.0,1093.0,93.711,99.561,169.30211767335305,6.659362778268399,183.49726775956285,118.46678214225848,
22020,"Fargo, ND-MN",178060.2508103351,967.0,95.654,91.334,183.6457033570684,12.200415615888621,145.60109289617486,91.8396999082,
13460,"Bend, OR",173912.0,1697.0,105.261,100.298,294.9767698606192,9.14794995090042,19.94535519125683,27.80716684300106,
49420,"Yakima, WA",158395.0,1109.0,105.028,99.472,208.33990971937246,7.997882955928952,123.66120218579235,31.345686416869217,
19300,"Daphne-Fairhope-Foley, AL",158865.0,1277.0,96.397,96.693,239.82626758568597,6.8125299325186885,199.45355191256832,30.440940421112266,
11540,"Appleton, WI",163084.15249734628,1060.0,93.787,99.411,250.1775885346303,7.211938472295054,165.54644808743168,64.16319329476401,
39150,"Prescott Valley-Prescott, AZ",154704.0,1351.0,96.237,99.838,230.11686834212435,7.155894883367235,86.76229508196721,55.337935670700176,
13780,"Binghamton, NY",164681.04934848717,939.0,99.693,97.754,221.6405600061553,6.550195045875765,172.52732240437157,137.44143658025536,
29340,"Lake Charles, LA",156561.54039372687,1081.0,93.691,95.705,164.1527027350949,6.528232430898099,220.39617486338798,51.225862876866195,
46340,"Tyler, TX",155327.0,1238.0,93.757,96.24,173.8268298492857,6.811828841040213,190.47814207650273,111.0238400278123,
16580,"Champaign-Urbana, IL",168327.49909420725,1043.0,93.643,99.59,213.27471858836313,10.882191657839565,173.52459016393442,312.9851051283934,
31420,"Macon-Bibb County, GA",149632.0687814489,1044.0,96.269,98.667,142.3491646774634,6.25460866612097,144.60382513661202,82.20163030670422,
45820,"Topeka, KS",147161.83442931948,971.0,94.027,93.816,173.95814682029837,8.980022276002334,125.65573770491804,43.16336517978654,
12700,"Barnstable Town, MA",150409.01104856757,1678.0,97.015,101.197,467.39220948204957,8.710421300133772,194.4672131147541,22.41886956434525,
13380,"Bellingham, WA",159858.0,1555.0,105.028,99.472,257.10317907142587,7.29894964936253,162.55464480874318,116.08427479387957,
22900,"Fort Smith, AR-OK",149759.9744074844,866.0,93.606,95.319,161.591907956353,6.522383477569203,122.6639344262295,36.591886595074975,
40340,"Rochester, MN",147896.58344950463,1276.0,95.433,92.193,205.54903494697206,7.690004812430625,164.54918032786884,36.43762333319844,
15540,"Burlington-South Burlington, VT",161325.81608617393,1581.0,97.274,101.586,218.81184832280113,9.761435472334709,171.53005464480876,106.2632157449796,
25940,"Hilton Head Island-Bluffton-Port Royal, SC",147060.15258745832,1573.0,96.339,98.284,294.4373389946607,6.572007079601189,246.32513661202185,20.624213606716076,
29200,"Lafayette-West Lafayette, IN",160134.8310967667,1107.0,94.318,99.141,169.85686258078053,9.803920095018318,193.46994535519124,305.317710488953,
16820,"Charlottesville, VA",153353.9181337863,1598.0,96.773,98.612,222.3614526121927,8.785866204599591,165.54644808743168,184.03833657108254,
29740,"Las Cruces, NM",146246.0,934.0,96.144,98.54,114.19115736498776,7.077390213398769,,116.1877931704115,pleasant_days
33740,"Monroe, LA",141401.63254665906,931.0,93.691,95.705,132.24741230501323,6.074508978217427,161.55737704918033,65.14776268202043,
32780,"Medford, OR",143589.0,1358.0,105.261,100.298,262.554931088036,10.809098703940094,115.68306010928961,32.892491764689495,
29420,"Lake Havasu City-Kingman, AZ",135861.0,1091.0,96.237,99.838,180.33136808944437,6.910660510657515,119.67213114754098,20.285438794061577,
12020,"Athens-Clarke County, GA",156388.44302177025,1201.0,96.269,98.667,193.1088986914204,6.741646062749397,154.57650273224044,280.94787025844164,
17860,"Columbia, MO",149959.90065531447,1070.0,94.193,93.026,191.3844959524711,7.1843133414932705,146.5983606557377,215.25754457650757,
23580,"Gainesville, GA",139749.0,1341.0,96.269,98.667,147.4071370814818,6.229490509590709,168.53825136612022,40.980615245905156,
37460,"Panama City-Panama City Beach, FL",141104.05825517434,1456.0,96.24,98.864,216.15253577500528,8.882226987622838,223.3879781420765,31.267704519322074,
49740,"Yuma, AZ",123572.83873895256,993.0,96.237,99.838,128.6690518908344,9.905498430600712,71.80327868852459,46.16710320988744,
27740,"Johnson City, TN",143212.90359286443,939.0,96.247,95.142,153.617442619159,5.6882165077292814,146.5983606557377,92.07270901710137,
30500,"Lexington Park, MD",140079.0,1750.0,99.663,100.322,124.929504065563,6.110021569348226,176.51639344262296,11.329321311545627,
17020,"Chico, CA",140453.0,1414.0,105.168,100.267,188.6752151965426,7.033565268450218,214.41256830601094,141.91936092500694,
27340,"Jacksonville, NC",145075.22110958325,1265.0,96.621,98.186,145.4417910834133,5.739880465304035,148.5928961748634,15.915881308606698,
21140,"Elkhart-Goshen, IN",129475.0,1047.0,94.318,99.141,165.28287314153312,6.766834967223957,189.4808743169399,6.634485421896119,
44100,"Springfield, IL",135217.60019857317,979.0,93.643,99.59,254.4047516705077,9.922100013175145,162.55464480874318,59.45231972904684,
16620,"Charleston, WV",134691.9381909131,896.0,96.27,99.806,159.6235104251435,6.6693931612919055,151.5846994535519,47.003555558213186,
27900,"Joplin, MO-KS",131660.30892479664,928.0,94.179,93.091,178.4896313240691,6.818123564834327,135.62841530054644,55.81028982847914,
41060,"St. Cloud, MN",132914.8770133039,1042.0,95.433,92.193,188.09030683222667,7.187011942993189,146.5983606557377,114.58461492219249,
26380,"Houma-Bayou Cane-Thibodaux, LA",132711.79445862985,1014.0,93.691,95.705,148.44196840500913,6.125872604209176,245.327868852459,46.80819836202623,
39460,"Punta Gorda, FL",119586.0,1464.0,96.24,98.864,163.06256585219006,7.2348332100935435,150.58743169398906,2.5922766879066113,
12220,"Auburn-Opelika, AL",140510.2234902458,1026.0,96.397,96.693,157.99562087765892,6.050033363051682,187.4863387978142,231.57745530352,
22500,"Florence, SC",128747.7203128436,934.0,96.339,98.284,156.11926915023494,6.0591744342664,167.54098360655738,52.11742766159585,
47580,"Warner Robins, GA",130724.3581514183,1167.0,96.269,98.667,137.69430773682257,6.735290440792322,174.52185792349727,74.3855249129368,
39540,"Racine-Mount Pleasant, WI",126960.0,1080.0,93.787,99.411,198.48771266540643,10.007040604940519,181.50273224043715,1.0869565217391304,
41100,"St. George, UT",119453.0,1566.0,96.446,98.959,190.0328999690255,7.8046786902218175,108.70218579234972,107.92529279298134,
13740,"Billings, MT",120966.21920153905,1117.0,96.006,98.715,300.91045450759106,7.3951144007369285,89.75409836065573,35.009774034056264,
40980,"Saginaw, MI",122151.0,947.0,93.711,99.561,173.5556810832494,6.465215602056944,174.52185792349727,54.44900164550433,
20100,"Dover, DE",124153.0,1354.0,96.372,98.774,159.4806408222113,8.545414004237179,169.53551912568307,129.9928314257408,
14540,"Bowling Green, KY",125517.423751012,975.0,96.246,96.892,138.62617220790202,5.9896022190197264,134.63114754098362,137.9888104966013,
49700,"Yuba City, CA",118695.0,1386.0,105.168,100.267,121.31934790850498,10.327396054983314,162.55464480874318,24.499768313745314,
28740,"Kingston, NY",123590.37468986204,1425.0,99.693,97.754,315.55855460319367,6.341745536884492,155.5737704918033,79.4883907800455,
17660,"Coeur d'Alene, ID",117388.41225958946,1492.0,96.179,98.974,260.6730886889586,7.957300172035664,148.5928961748634,24.167632438254106,
27180,"Jackson, TN",117597.77009966318,997.0,96.247,95.142,162.41804571475208,5.896215062075427,126.65300546448087,77.05928430717714,
13980,"Blacksburg-Christiansburg-Radford, VA",130982.0,1104.0,96.773,98.612,140.4773174940068,8.264732202852274,182.5,369.68438411384767,
39820,"Redding, CA",116388.0,1317.0,105.168,100.267,208.7844107639963,9.154228439009408,208.42896174863387,48.27817300752655,
10180,"Abilene, TX",116117.26379327913,1141.0,93.757,96.24,188.60244622184746,7.029974883682619,121.66666666666667,53.16177627979289,
20940,"El Centro, CA",107129.0,1056.0,105.168,100.267,129.75011434812237,8.082656367914058,135.62841530054644,58.079511616835774,
33260,"Midland, TX",115094.31840113984,1400.0,93.757,96.24,228.50823885446928,7.980981461415255,120.66939890710383,34.675908033010906,
26980,"Iowa City, IA",126553.7770413151,1097.0,93.73,92.927,240.21408693377464,8.97383574069584,151.5846994535519,214.00388540879666,
24780,"Greenville, NC",123339.0,993.0,96.621,98.186,174.31631519632882,6.971696533677223,157.56830601092895,188.5291756865225,
15500,"Burlington, NC",118564.0,1064.0,96.621,98.186,175.4326777099288,6.504517543730429,140.61475409836066,76.1951351168989,
34740,"Muskegon-Norton Shores, MI",114074.0,1028.0,93.711,99.561,148.14944685029016,6.464518453024196,168.53825136612022,23.949366200887145,
20740,"Eau Claire, WI",116751.63619696008,1033.0,93.787,99.411,267.23394220673345,7.247866356383197,159.56284153005464,135.21009652806072,
36780,"Oshkosh-Neenah, WI",115203.0,965.0,93.787,99.411,233.50086369278577,9.231707723754264,175.5191256830601,107.39303663967084,
14010,"Bloomington, IL",119557.0,1009.0,93.643,99.59,180.66696220212953,10.500495519159752,138.62021857923497,212.3255016435675,
29100,"La Crosse-Onalaska, WI-MN",115043.40652128204,1027.0,93.8,99.446,268.5942718002163,9.711113051691221,167.54098360655738,125.51784093188098,
39380,"Pueblo, CO",108082.94534289678,1111.0,96.052,99.822,175.79091631637036,7.094031378554965,60.833333333333336,91.34651141008024,
45460,"Terre Haute, IN",110093.54723019224,892.0,94.318,99.141,184.38864502708014,8.413522945009092,105.7103825136612,83.6742954674612,
47940,"Waterloo-Cedar Falls, IA",111299.18612740528,977.0,93.73,92.927,199.46237499515442,7.514691533632709,160.5601092896175,122.44474083035875,
28450,"Kenosha, WI",115241.0,1219.0,106.187,100.334,198.71399935786744,7.828952058456603,181.50273224043715,128.88642063154606,
42680,"Sebastian-Vero Beach-West Vero Corridor, FL",101262.0,1357.0,96.24,98.864,202.44514230412196,7.204456542856608,209.4262295081967,0.8591574331931031,
26820,"Idaho Falls, ID",100804.7162307861,1127.0,96.179,98.974,176.57903980651076,7.104483816413742,109.69945355191257,22.76679193010911,
36220,"Odessa, TX",103753.0,1259.0,93.757,96.24,164.81451138762253,7.395458353858526,108.70218579234972,78.0603934344067,
27980,"Kahului-Wailuku, HI",107615.56670164116,1914.0,111.562,102.898,284.3454802857377,6.91162703500323,358.0191256830601,13.520348817508118,
27500,"Janesville-Beloit, WI",109971.0,1037.0,93.787,99.411,208.23671695265116,10.151105699243452,171.53005464480876,33.73616680761292,
14020,"Bloomington, IN",118889.1100546398,1176.0,94.318,99.141,185.8875046658449,9.806890143792737,179.50819672131146,372.3722044824262,
26140,"Homosassa Springs, FL",96804.0,1107.0,96.24,98.864,130.1599107474898,6.887557919307834,201.44808743169398,2.8407917028221976,
11200,"Amherst Town-Northampton, MA",113508.63303960144,1388.0,97.015,101.197,225.53350625822924,9.313146922107983,163.55191256830602,315.8614374951677,
27100,"Jackson, MI",102136.0,985.0,93.711,99.561,138.05122581655831,5.728682780305367,179.50819672131146,30.586668755384977,
24300,"Grand Junction, CO",104863.8720023698,1182.0,96.052,99.822,179.28004794229935,7.322466982832076,96.73497267759562,90.42199013770652,
44300,"State College, PA",115217.0,1207.0,100.684,97.726,163.17036548426015,10.631940246097134,190.47814207650273,439.6313044082036,
19460,"Decatur, AL",102146.0,847.0,96.397,96.693,103.77303075989269,5.592527780878525,149.59016393442624,0.0,
16540,"Chambersburg, PA",101156.56795080514,1093.0,100.684,97.726,152.23924963023052,6.468382011220414,189.4808743169399,14.848269671727678,
42140,"Santa Fe, NM",101675.97109437374,1389.0,96.144,98.54,267.5165007743419,9.432305028068566,124.6584699453552,33.144507632703395,
33780,"Monroe, MI",103441.0,1059.0,93.711,99.561,128.57570982492436,5.690082007801664,184.4945355191257,15.931787202366568,
45900,"Traverse City, MI",101870.30179335608,1225.0,93.711,99.561,254.24485393729523,6.880225225211305,165.54644808743168,22.705341589071967,
25620,"Hattiesburg, MS",103897.5903854034,1014.0,96.219,96.09,158.81022782909594,6.447829737961154,185.49180327868854,126.73056180761854,
30860,"Logan, UT-ID",101863.86874998236,1201.0,96.43,98.96,89.33491444680257,7.478064479441758,112.69125683060109,247.83075991313527,
12620,"Bangor, ME",107322.1256653522,1041.0,97.171,103.191,178.90066825426769,6.340203275606048,151.5846994535519,126.66540022127681,
22520,"Florence-Muscle Shoals, AL",101903.31424878506,853.0,96.397,96.693,148.17967512945762,6.175682168434411,149.59016393442624,98.80934760784827,
47220,"Vineland, NJ",95391.83239215602,1282.0,99.79,97.925,148.85970469278513,8.799067810380787,157.56830601092895,18.963887731637204,
25260,"Hanford-Corcoran, CA",90772.0,1331.0,105.168,100.267,104.65782399858988,10.484019262062699,134.63114754098362,24.985678403031773,
35660,"Niles, MI",99606.0,942.0,93.711,99.561,212.8385840210429,6.464904687772516,192.47267759562843,47.718008955283814,
39660,"Rapid City, SD",100939.8251549544,1140.0,95.473,91.899,253.61644881691657,7.002059084418752,99.72677595628416,33.2871589072203,
20020,"Dothan, AL",99560.0,910.0,96.397,96.693,164.72478907191643,6.099489525817694,171.53005464480876,9.562073121735637,
27620,"Jefferson City, MO",97774.21263253572,827.0,94.193,93.026,158.52850749362273,6.114425178236316,138.62021857923497,55.52588820534695,
46660,"Valdosta, GA",98357.30595056793,1025.0,96.269,98.667,141.321479534889,6.344758492201839,204.4398907103825,91.3912791035336,
10780,"Alexandria, LA",94251.82682604333,946.0,93.691,95.705,120.95256276613614,6.121873249368695,181.50273224043715,45.77099612044836,
48660,"Wichita Falls, TX",95843.06370553076,995.0,93.757,96.24,152.33235912467484,6.97009042301899,121.66666666666667,41.432314937266014,
49020,"Winchester, VA-WV",94849.42935670124,1358.0,96.699,98.797,169.74271863515978,6.33159907923199,162.55464480874318,87.3278843760887,
45500,"Texarkana, TX-AR",90038.30040596686,950.0,93.693,95.895,146.60427774051178,6.246079761086392,133.63387978142077,51.711327057562336,
10500,"Albany, GA",93013.80978405116,950.0,96.269,98.667,113.96157220750196,6.844370919828522,182.5,60.65765947120058,
40580,"Rocky Mount, NC",93477.0,920.0,96.621,98.186,128.3738245771687,7.520761269785948,152.58196721311475,23.310546979470885,
43580,"Sioux City, IA-NE-SD",91414.9211617529,1002.0,94.013,92.749,223.1583174906807,11.3443852025157,153.5792349726776,59.32291939960595,
22380,"Flagstaff, AZ",104425.0,1473.0,96.237,99.838,254.72827388077567,8.867009228826385,159.56284153005464,241.32152262389275,
30140,"Lebanon, PA",91901.0,1110.0,100.684,97.726,133.83967530277147,7.936051458817082,194.4672131147541,22.633050782907695,
19140,"Dalton, GA",94220.9218739916,938.0,96.269,98.667,110.37888181468513,5.453516589264047,149.59016393442624,46.019503033507185,
48680,"Wildwood-The Villages, FL",66301.0,1269.0,96.24,98.864,170.43483507036092,7.307458463844053,200.45081967213116,0.9351291835718918,
43300,"Sherman-Denison, TX",91289.86797187693,1310.0,93.757,96.24,124.87694695222828,6.133087015142087,168.53825136612022,43.1920878800558,
34060,"Morgantown, WV",99987.44692868576,967.0,96.27,99.806,199.02498374814306,6.862287216578355,186.48907103825135,219.87760139210678,
48140,"Wausau, WI",91243.0,999.0,93.787,99.411,241.11438685707398,6.657964177591697,155.5737704918033,42.46901132141644,
25500,"Harrisonburg, VA",95120.0,1173.0,96.773,98.612,182.9268292682927,9.057610812748129,148.5928961748634,253.01724137931038,
48540,"Wheeling, WV-OH",88217.60848013293,812.0,96.42,99.675,192.70529198066495,7.06528042580235,202.44535519125682,57.53953306434443,
25220,"Hammond, LA",89105.70932518583,1003.0,93.691,95.705,182.92879461308308,5.924926717486413,183.49726775956285,146.533820322885,
13900,"Bismarck, ND",87876.64888496173,1021.0,95.701,91.158,218.48807668046706,7.770763454232208,108.70218579234972,67.24198151587916,
27860,"Jonesboro, AR",88255.0,929.0,93.577,95.295,150.69967707212055,6.503503498094405,141.6120218579235,85.17364455271655,
44220,"Springfield, OH",86766.0,872.0,93.628,98.939,123.32019454625083,6.488987756229135,181.50273224043715,51.483299910103035,
34900,"Napa, CA",89565.0,2237.0,105.168,100.267,278.01038352034834,8.587945208824001,278.23770491803276,38.36319991067939,
31740,"Manhattan, KS",94415.0,1063.0,94.027,93.816,164.1688291055447,7.0271705131351245,111.69398907103825,191.56913626012818,
12980,"Battle Creek, MI",88472.06325023879,968.0,93.711,99.561,132.24513558485845,6.125676837156558,182.5,40.5212659035656,
27780,"Johnstown, PA",85198.0,739.0,100.684,97.726,190.14530857531867,7.617551807031823,157.56830601092895,111.71623747036315,
34580,"Mount Vernon-Anacortes, WA",85126.0,1536.0,105.028,99.472,267.83826328031387,6.646597639916372,192.47267759562843,34.6897540117003,
10540,"Albany, OR",86962.92630436426,1320.0,105.261,100.298,188.5861101614857,9.221696899462046,159.56284153005464,43.317309571848575,
41540,"Salisbury, MD",85710.55088788293,1274.0,96.592,98.995,126.00549043404665,6.66461963844087,162.55464480874318,133.5074839848885,
38340,"Pittsfield, MA",88027.0,1097.0,97.015,101.197,305.588058209413,9.215425559980117,151.5846994535519,54.63096549922183,
17420,"Cleveland, TN",86505.0,1006.0,96.247,95.142,120.22426449338188,5.823119691496334,135.62841530054644,73.48708167157967,
30020,"Lawton, OK",83222.0,965.0,93.778,95.458,163.41832688471797,7.06124216950038,134.63114754098362,32.75576169762803,
11180,"Ames, IA",93024.0,1000.0,93.73,92.927,168.77364981080152,7.480141980764499,173.52459016393442,315.6604747162023,
21060,"Elizabethtown, KY",83299.04862255462,964.0,96.246,96.892,130.85383543082438,6.056323425644666,147.59562841530055,48.740052463224494,
44420,"Staunton-Stuarts Draft, VA",80622.11617326003,1068.0,96.773,98.612,167.447849805728,6.0744670378730286,203.44262295081967,47.083854656484704,
24020,"Glens Falls, NY",83486.0,1077.0,99.693,97.754,305.44043312651223,6.646764258795959,153.5792349726776,37.0241717174137,
33540,"Missoula, MT",86729.03555916467,1184.0,96.006,98.715,264.0407546602789,11.504601770230112,106.70765027322405,102.89518316979601,
43420,"Sierra Vista-Douglas, AZ",76850.19269952958,995.0,96.237,99.838,195.18493673330528,6.095196882741046,71.80327868852459,33.81904337132403,
31900,"Mansfield, OH",76340.0,824.0,93.628,98.939,166.36101650510872,6.34543848471092,189.4808743169399,36.99240241026985,
48300,"Wenatchee-East Wenatchee, WA",80023.0,1251.0,105.028,99.472,313.6598228009447,9.834950873592756,125.65573770491804,24.442972645364456,
14580,"Bozeman, MT",89947.0,1694.0,96.006,98.715,345.75916928858106,10.878401537883072,119.67213114754098,177.72688360923655,
34100,"Morristown, TN",80812.64226594436,873.0,96.247,95.142,113.84357375327419,5.866148945324409,151.5846994535519,89.9859204710663,
11020,"Altoona, PA",77704.0821546071,885.0,100.684,97.726,200.76165328046505,8.019292333229709,184.4945355191257,36.677609733931114,
41660,"San Angelo, TX",78210.45850664467,1155.0,93.757,96.24,216.08363283747013,7.279810628344115,117.6775956284153,118.36012953706869,
22140,"Farmington, NM",76982.55674503256,956.0,96.144,98.54,110.41462325227951,7.718908455582595,90.75136612021858,52.14168208642941,
29940,"Lawrence, KS",89305.0,1099.0,94.027,93.816,210.51452886176585,8.665842545333657,140.61475409836066,310.46413974581486,
41140,"St. Joseph, MO-KS",76504.7723852789,895.0,94.18,93.088,167.309823961557,7.530875400129307,126.65300546448087,66.126593704806,
46300,"Twin Falls, ID",74138.95872676349,1071.0,96.179,98.974,182.09049913627425,7.480583690841869,100.72404371584699,98.82793238307269,
24140,"Goldsboro, NC",77231.0,965.0,96.621,98.186,146.3143038417216,5.60767366265882,171.53005464480876,34.36443915008222,
43100,"Sheboygan, WI",76772.0,934.0,93.787,99.411,247.48606262699943,7.379958913820292,178.51092896174865,31.157192726514875,
11500,"Anniston-Oxford, AL",77901.0,826.0,96.397,96.693,118.098612341305,5.730536875821672,159.56284153005464,96.36590030936702,
15260,"Brunswick-St. Simons, GA",73413.37240631183,1080.0,96.269,98.667,237.01404021733794,6.535872124768415,258.29234972677597,32.528133795345,
48060,"Watertown-Fort Drum, NY",76955.85681495379,1213.0,99.693,97.754,230.001987276433,6.027754061611025,161.55737704918033,25.495135538777486,
48260,"Weirton-Steubenville, WV-OH",75053.72598596996,785.0,96.446,99.651,157.2207088320414,6.304221343299424,193.46994535519124,72.0150789184054,
41780,"Sandusky, OH",75080.79267078837,932.0,93.628,98.939,332.97464119244347,7.933257800310147,205.43715846994536,25.958703027362894,
48700,"Williamsport, PA",74691.68361865627,913.0,100.684,97.726,194.13138514899177,7.3423562144672,158.5655737704918,66.48665232068228,
30340,"Lewiston-Auburn, ME",75285.0,1010.0,97.171,103.191,167.36401673640165,7.143645371852624,174.52185792349727,64.72736932987979,
36980,"Owensboro, KY",71210.45770411982,907.0,96.246,96.892,161.4931341655269,6.71718313382387,144.60382513661202,66.19814212663424,
13220,"Beckley, WV",70667.0,856.0,96.27,99.806,128.77297748595527,6.3194594459861415,168.53825136612022,31.740416318790952,
31020,"Longview-Kelso, WA",72852.704802696,1206.0,105.028,99.472,189.42330332654055,8.386629482801744,208.42896174863387,20.97382662919956,
34620,"Muncie, IN",78480.0,906.0,94.318,99.141,154.17940876656473,7.347777700894916,172.52732240437157,192.58409785932724,
33140,"Michigan City-La Porte, IN",68854.0,976.0,94.318,99.141,219.30461556336599,6.882975130858481,192.47267759562843,0.0,
28100,"Kankakee, IL",71008.01177167468,1097.0,93.643,99.59,209.83547670523086,6.907463349781449,179.50819672131146,65.7953924273046,
23900,"Gettysburg, PA",71228.43204919473,1115.0,100.684,97.726,158.644514204602,7.219355045871299,141.6120218579235,33.86288214703539,
42700,"Sebring, FL",61625.520335877874,1035.0,96.24,98.864,128.19364375250046,6.540166851853819,163.55191256830602,34.709646074252966,
38240,"Pinehurst-Southern Pines, NC",65854.06813115429,1254.0,96.621,98.186,229.29487013508407,6.075411558932637,144.60382513661202,36.656809040138604,
44940,"Sumter, SC",67100.42154709616,1057.0,96.339,98.284,110.28246662811378,6.1564574668598215,149.59016393442624,52.17552914392248,
27060,"Ithaca, NY",79516.0,1411.0,99.693,97.754,210.0206247799185,6.522739781019535,161.55737704918033,440.2887469188591,
31860,"Mankato, MN",71422.0,1069.0,95.433,92.193,183.41687435244043,7.044518024199978,162.55464480874318,235.2636442552715,
22540,"Fond du Lac, WI",69560.84750265347,960.0,93.787,99.411,219.9513167147132,6.92680936324097,168.53825136612022,62.980831276284874,
24220,"Grand Forks, ND-MN",69640.35853530602,967.0,95.632,91.417,213.9563941567884,11.232370176453477,146.5983606557377,154.7378592908424,
23460,"Gadsden, AL",67883.9907917979,847.0,96.397,96.693,126.68671802717728,5.932923057992273,151.5846994535519,52.72229811851948,
13020,"Bay City, MI",68396.22779266149,860.0,93.711,99.561,176.91034126443824,7.3241558986887565,165.54644808743168,72.76717094819084,
37140,"Paducah, KY-IL",66558.24133598057,874.0,96.025,96.897,186.30299946487187,6.15313674272155,132.63661202185793,56.62709717605662,
19500,"Decatur, IL",64477.19645204803,847.0,93.643,99.59,214.02915696347188,6.924012525803212,207.43169398907105,53.367705008065705,
30620,"Lima, OH",63990.0,922.0,93.628,98.939,165.650882950461,6.7155545049304335,190.47814207650273,114.48663853727145,
16940,"Cheyenne, WY",67361.0,1160.0,95.368,100.428,182.598239337302,7.789897500989502,74.79508196721312,47.297397603954806,
26300,"Hot Springs, AR",62551.78173624911,966.0,93.577,95.295,250.99205113292177,6.974027516470834,134.63114754098362,32.53304611818445,
40660,"Rome, GA",66124.19781476469,1014.0,96.269,98.667,128.54598287621204,5.861353245751743,133.63387978142077,148.20595672786803,
20220,"Dubuque, IA",64840.12404467853,959.0,93.73,92.927,219.00019793631782,7.319244437098407,174.52185792349727,68.22935744156831,
47020,"Victoria, TX",62608.722715973156,1151.0,93.757,96.24,170.90270390183417,6.976947146376578,213.4153005464481,62.67497290755116,
16020,"Cape Girardeau, MO-IL",64591.50058145747,864.0,94.222,93.088,188.8793400087426,6.508351062265393,125.65573770491804,130.09451590930033,
18700,"Corvallis, OR",69380.07369563598,1410.0,105.261,100.298,200.34570820691295,11.675538703022527,129.6448087431694,334.96649343371627,
21820,"Fairbanks-College, AK",66291.73241195205,1459.0,107.34,103.342,226.27256000471604,5.742883125076572,94.74043715846994,53.92829346779066,
25740,"Helena, MT",60675.23198796285,1082.0,96.006,98.715,278.5321035666206,7.344523953456995,121.66666666666667,37.47822505979262,
38540,"Pocatello, ID",57203.92741831485,960.0,96.179,98.974,187.0500939866273,7.378893977873165,85.76502732240438,178.46676724387646,
37620,"Parkersburg-Vienna, WV",57266.164709326375,818.0,96.27,99.806,193.83173391027273,7.052001576302913,138.62021857923497,39.48230183523663,
24420,"Grants Pass, OR",55814.59376457588,1194.0,105.261,100.298,222.16411808536657,8.64621814367653,110.69672131147541,50.95441547054697,
25980,"Hinesville, GA",56851.906048984056,1213.0,96.269,98.667,80.91197498350544,5.000996710854131,232.36338797814207,0.0,
24500,"Great Falls, MT",55755.120821782366,939.0,96.006,98.715,263.6529126533076,7.772090878002219,127.65027322404372,24.64347632555406,
33220,"Midland, MI",55533.77220733843,1016.0,93.711,99.561,135.05295429956266,5.871437879496496,178.51092896174865,24.615651803666953,
29020,"Kokomo, IN",53574.45096487801,937.0,94.318,99.141,199.7220654116388,6.719033342639008,184.4945355191257,43.39755159645422,
18020,"Columbus, IN",53881.26204036678,1127.0,94.318,99.141,163.32208390752268,6.583592818270995,138.62021857923497,0.0,
21300,"Elmira, NY",53962.90811430766,1059.0,99.693,97.754,233.49371707895872,6.917152631988182,162.55464480874318,15.047372878421784,
16220,"Casper, WY",53265.19445316014,1016.0,95.368,100.428,229.04262577560522,8.424903858082123,67.81420765027322,49.03765069884269,
24260,"Grand Island, NE",47680.79462134556,929.0,94.101,92.98,211.82532883960099,7.834891648895195,,59.60471134278673,pleasant_days
33500,"Minot, ND",50576.52404801112,1039.0,95.701,91.158,251.10464269834333,7.733075623588448,137.62295081967213,41.40260801656149,
30300,"Lewiston, ID-WA",41593.32042531867,1024.0,96.217,99.363,206.76396863870025,7.030094691050406,124.6584699453552,71.74228865324204,
47460,"Walla Walla, WA",39522.933794451186,1218.0,105.028,99.472,232.77624196237252,8.643325545589073,155.5737704918033,134.32707267154737,
21420,"Enid, OK",38357.205996655735,919.0,93.778,95.458,166.85261175065773,7.757686123170926,118.67486338797814,12.51394588129933,
16180,"Carson City, NV",37958.10060442974,1248.0,96.271,98.744,292.42769852147507,9.91666295438838,85.76502732240438,85.72610189089008,
20580,"Eagle Pass, TX",34990.492375560454,859.0,93.757,96.24,80.02173761795062,6.694655281467427,150.58743169398906,2.3149145525192854,
