cbsa,sex,median,published,pub_moe,gap,gap_pct,pass_pub_moe,pass_within_3pct
35620,Female,48325.9,48553.0,230.0,-227.09999999999854,-0.46773628817992413,True,True
17300,Male,47729.64,48445.0,874.0,-715.3600000000006,-1.4766436164722894,True,True
29200,Female,30457.5,30129.0,1244.0,328.5,1.0903116598625908,True,True
29540,Female,35533.75,35182.0,811.0,351.75,0.9998010346199762,True,True
39540,Female,40610.0,39410.0,1428.0,1200.0,3.044912458766811,True,False
49340,Female,44687.72,45416.0,834.0,-728.2799999999988,-1.603575832305793,True,True
28100,Male,55859.65,50859.0,1250.0,5000.6500000000015,9.832379716471031,False,False
12700,Female,45686.25,44688.0,1874.0,998.25,2.2338211600429645,True,True
24860,Female,35533.75,34803.0,640.0,730.75,2.0996753153463783,False,True
44140,Female,41625.25,40812.0,959.0,813.25,1.992673723414682,True,True
36740,Male,47729.64,47857.0,671.0,-127.36000000000058,-0.2661261675407999,True,True
27740,Male,41978.8,42045.0,1289.0,-66.19999999999709,-0.1574503508145965,True,True
38300,Male,56976.843,57299.0,593.0,-322.15699999999924,-0.5622384334805132,True,True
40580,Male,42956.676,43923.0,1444.0,-966.3240000000005,-2.2000409808073234,True,True
44220,Female,36660.51,35293.0,1251.0,1367.510000000002,3.874734366588281,False,False
47020,Female,29939.4165,29948.0,2281.0,-8.58350000000064,-0.02866134633364712,True,True
41860,Male,79431.105,79423.0,784.0,8.104999999995925,0.010204852498641358,True,True
36100,Male,40610.0,40732.0,1229.0,-122.0,-0.29951880585289203,True,True
30020,Male,38183.712,41495.0,1932.0,-3311.2880000000005,-7.979968670924209,False,False
12980,Female,35681.98,33698.0,2050.0,1983.9800000000032,5.887530417235453,True,False
24500,Male,47436.044,47800.0,2020.0,-363.9559999999983,-0.761414225941419,True,True
39740,Female,37780.92,36752.0,752.0,1028.9199999999983,2.7996299521114447,False,True
10180,Male,44129.1235,44116.0,1984.0,13.123500000001513,0.02974771058119846,True,True
20500,Male,50762.5,51997.0,1414.0,-1234.5,-2.374175433198069,True,True
23060,Female,35533.75,35211.0,578.0,322.75,0.9166169662889437,True,True
25500,Male,45686.25,44781.0,1619.0,905.25,2.021504655992497,True,True
45900,Female,34842.6372,36871.0,924.0,-2028.3628000000026,-5.501241626210308,False,False
30860,Female,25187.28,21111.0,1087.0,4076.279999999999,19.308796362086113,False,False
43100,Female,41978.8,39388.0,1912.0,2590.800000000003,6.577637859246479,False,False
12620,Female,36660.51,36176.0,960.0,484.51000000000204,1.3393133569217217,True,True
42660,Female,52793.0,52539.0,489.0,254.0,0.48345038923466377,True,True
38540,Female,26254.0355,30654.0,2018.0,-4399.964499999998,-14.35363900306648,False,False
45940,Female,45214.629,45674.0,968.0,-459.3709999999992,-1.0057603888426658,True,True
46340,Male,45686.25,45182.0,2562.0,504.25,1.1160417865521668,True,True
37340,Female,35797.23,35928.0,621.0,-130.7699999999968,-0.36397795591181475,True,True
44180,Male,45127.21,45691.0,886.0,-563.7900000000009,-1.2339191525683415,True,True
25060,Male,47658.663,46799.0,1189.0,859.6630000000005,1.8369260026923664,True,True
42140,Female,37151.238,36875.0,1744.0,276.23799999999756,0.7491199999999933,True,True
27860,Male,45214.629,42315.0,1444.0,2899.629000000001,6.852484934420421,False,False
24340,Male,52473.5,52967.0,639.0,-493.5,-0.931712198161119,True,True
13020,Male,50273.685,46538.0,2421.0,3735.6849999999977,8.027171343848034,False,False
15980,Female,36549.0,35883.0,759.0,666.0,1.8560321043391022,True,True
11460,Female,36660.51,36394.0,920.0,266.51000000000204,0.7322910369841239,True,True
31140,Female,39104.544,39333.0,628.0,-228.4559999999983,-0.5808252612310231,True,True
27260,Male,52473.5,52112.0,698.0,361.5,0.6936981885170402,True,True
29020,Male,48922.881,50188.0,2085.0,-1265.1189999999988,-2.5207599426157623,True,True
45060,Male,50374.56,51133.0,967.0,-758.4400000000023,-1.483269121702232,True,True
12580,Male,65991.25,66432.0,737.0,-440.75,-0.6634603805394991,True,True
47460,Female,34603.989,31717.0,3978.0,2886.9890000000014,9.102339439417353,True,False
38060,Male,53695.845,53821.0,341.0,-125.15499999999884,-0.2325393433789763,True,True
47580,Male,51777.75,52495.0,1740.0,-717.25,-1.3663206019620917,True,True
22380,Male,41625.25,43478.0,2516.0,-1852.75,-4.261350568103409,True,False
17980,Male,43992.612,43558.0,1488.0,434.612000000001,0.9977776757426902,True,True
48900,Male,48880.68,49115.0,1133.0,-234.3199999999997,-0.4770843937697235,True,True
11500,Male,39104.544,39758.0,2457.0,-653.4559999999983,-1.6435836812716895,True,True
24020,Female,41978.8,39825.0,1695.0,2153.800000000003,5.408160703075965,False,False
35840,Male,48039.299,49283.0,941.0,-1243.701000000001,-2.5235902846823466,False,True
17860,Male,42956.676,45827.0,1725.0,-2870.3240000000005,-6.2633905776070895,False,False
39300,Female,42770.595,42888.0,626.0,-117.40499999999884,-0.27374790151090944,True,True
21780,Male,50374.56,50263.0,1342.0,111.55999999999767,0.2219525296938059,True,True
22140,Female,30457.5,29940.0,1675.0,517.5,1.7284569138276553,True,True
40660,Female,32488.0,31004.0,1977.0,1484.0,4.786479163978841,True,False
42020,Female,35750.176,35463.0,1082.0,287.1759999999995,0.8097904858584989,True,True
20100,Female,39493.225,39282.0,1236.0,211.22499999999854,0.5377144748230706,True,True
33700,Female,35438.493,34404.0,883.0,1034.4930000000022,3.00689745378445,False,False
28020,Male,48880.68,50562.0,1469.0,-1681.3199999999997,-3.325264032277204,False,False
40220,Female,36549.0,37281.0,1280.0,-732.0,-1.963466645208015,True,True
24420,Female,32488.0,30213.0,2664.0,2275.0,7.529871247476253,True,False
31020,Male,58094.036,58670.0,3419.0,-575.9639999999999,-0.9817010397136526,True,True
45220,Male,41763.435,41815.0,1161.0,-51.56500000000233,-0.12331699151022918,True,True
11540,Female,40326.561,40907.0,678.0,-580.4389999999985,-1.4189234116410356,True,True
35980,Male,58094.036,58600.0,2020.0,-505.96399999999994,-0.8634197952218429,True,True
44420,Female,37780.92,37475.0,1383.0,305.91999999999825,0.8163308872581675,True,True
22520,Female,30457.5,30611.0,1626.0,-153.5,-0.5014537257848486,True,True
37900,Female,36660.51,36884.0,731.0,-223.48999999999796,-0.60592668907927,True,True
27060,Female,33410.748,33855.0,3004.0,-444.2520000000004,-1.3122197607443522,True,True
42540,Female,35750.176,35526.0,460.0,224.17599999999948,0.6310195349884578,True,True
46520,Female,42770.595,43603.0,732.0,-832.4049999999988,-1.9090544228608095,False,True
39150,Male,42453.334,43695.0,1845.0,-1241.6659999999974,-2.8416660945188177,True,True
12260,Male,47729.64,48804.0,1438.0,-1074.3600000000006,-2.2013769363166964,True,True
30460,Female,35107.345,35061.0,906.0,46.345000000001164,0.13218390804598032,True,True
20220,Female,36660.51,38033.0,1618.0,-1372.489999999998,-3.6086819341098466,True,False
39580,Male,63283.041,64230.0,1378.0,-946.9590000000026,-1.4743250817375098,True,True
43640,Female,36549.0,37310.0,1954.0,-761.0,-2.039667649423747,True,True
16540,Female,36867.369,38745.0,1303.0,-1877.6310000000012,-4.846124661246615,False,False
47300,Female,30550.425,30865.0,651.0,-314.5750000000007,-1.0191965008909791,True,True
49620,Male,55524.4921,55511.0,1037.0,13.49210000000312,0.024305272828814325,True,True
33340,Male,56212.782,56892.0,650.0,-679.2180000000008,-1.1938726007171496,False,True
48620,Female,34007.3685,34373.0,797.0,-365.63150000000314,-1.0637171617257821,True,True
28140,Female,41978.8,41915.0,439.0,63.80000000000291,0.152212811642617,True,True
46540,Male,48880.68,49656.0,1101.0,-775.3199999999997,-1.5613823102948279,True,True
15540,Male,51390.878,55378.0,1791.0,-3987.122000000003,-7.199830257502985,False,False
41140,Female,35797.23,34385.0,1537.0,1412.2300000000032,4.107110658717474,True,False
16020,Female,30722.8075,30886.0,1276.0,-163.19250000000102,-0.5283704591076896,True,True
13380,Female,36867.369,36457.0,828.0,410.3689999999988,1.125624708560767,True,True
21060,Male,47729.64,47956.0,1567.0,-226.36000000000058,-0.47201601468012466,True,True
13900,Male,56671.38,54781.0,2948.0,1890.3799999999974,3.4507949836622136,True,False
39340,Female,25136.8425,25354.0,702.0,-217.15750000000116,-0.8565019326339084,True,True
26380,Male,57275.568,57473.0,2822.0,-197.4320000000007,-0.3435213056565704,True,True
16300,Male,52473.5,55069.0,1430.0,-2595.5,-4.713178013038188,False,False
34740,Male,45686.25,45359.0,1211.0,327.25,0.7214665226305695,True,True
35380,Male,47729.64,47667.0,946.0,62.63999999999942,0.13141166844986976,True,True
40420,Male,48880.68,49513.0,1667.0,-632.3199999999997,-1.2770787469957379,True,True
49660,Female,31484.1,31227.0,628.0,257.09999999999854,0.8233259679123788,True,True
38340,Female,40929.33,40240.0,1854.0,689.3300000000017,1.713046719681913,True,True
16220,Male,48880.68,50996.0,2989.0,-2115.3199999999997,-4.148011608753627,True,False
23420,Female,34603.989,34460.0,810.0,143.9890000000014,0.4178438769587968,True,True
37140,Female,30550.425,31969.0,1090.0,-1418.5750000000007,-4.43734555350496,False,False
49420,Female,33503.25,33010.0,1046.0,493.25,1.494244168433808,True,True
46220,Female,30722.8075,30347.0,1301.0,375.807499999999,1.2383678782087157,True,True
41620,Female,39101.755,39670.0,769.0,-568.2450000000026,-1.4324300478951415,True,True
30140,Female,35438.493,35505.0,1432.0,-66.50699999999779,-0.18731727925643651,True,True
29340,Female,30457.5,30652.0,913.0,-194.5,-0.6345426073339423,True,True
13780,Female,34518.5,35259.0,954.0,-740.5,-2.10017300547378,True,True
45300,Female,39879.86,40080.0,425.0,-200.13999999999942,-0.4993512974051882,True,True
45820,Male,47729.64,50580.0,954.0,-2850.3600000000006,-5.6353499406880205,False,False
37620,Male,46922.106,47006.0,2154.0,-83.89400000000023,-0.17847508828660222,True,True
48700,Female,34216.476,33085.0,1118.0,1131.4760000000024,3.419906301949531,False,False
28660,Male,42770.595,43875.0,1119.0,-1104.4049999999988,-2.5171623931623905,True,True
37860,Female,35438.493,34541.0,1006.0,897.4930000000022,2.598341101878933,True,True
29940,Male,39101.755,41765.0,2601.0,-2663.2450000000026,-6.376738896204963,False,False
29180,Male,52473.5,52998.0,1990.0,-524.5,-0.9896599871693272,True,True
22900,Male,42640.5,43863.0,1353.0,-1222.5,-2.787087066548116,True,True
47380,Female,31024.266,31433.0,931.0,-408.7340000000004,-1.3003340438392785,True,True
35660,Male,47226.15,47712.0,1570.0,-485.84999999999854,-1.0182972837022102,True,True
14860,Male,65991.25,65350.0,1456.0,641.25,0.9812547819433817,True,True
31740,Male,40218.948,40283.0,945.0,-64.05200000000332,-0.15900503934663088,True,True
43340,Female,30457.5,31569.0,866.0,-1111.5,-3.5208590706072416,False,False
26580,Male,47226.15,46780.0,1236.0,446.15000000000146,0.9537195382642185,True,True
25860,Female,35438.493,34828.0,864.0,610.4930000000022,1.7528798667738665,True,True
46660,Male,43905.6849,43651.0,1398.0,254.6849000000002,0.5834571945659898,True,True
41180,Female,40610.0,41255.0,307.0,-645.0,-1.5634468549266756,False,True
29460,Female,34518.5,34366.0,840.0,152.5,0.44375254612116627,True,True
36220,Female,36549.0,36513.0,1270.0,36.0,0.09859502095144194,True,True
12100,Female,37882.527,37834.0,1445.0,48.52700000000186,0.128262938098012,True,True
29820,Female,37780.92,37594.0,406.0,186.91999999999825,0.4972070011171949,True,True
10740,Female,37780.92,37555.0,894.0,225.91999999999825,0.6015710291572314,True,True
14260,Male,50762.5,51362.0,746.0,-599.5,-1.1672053268953702,True,True
34580,Female,38183.712,40086.0,1558.0,-1902.2880000000005,-4.745517138152972,False,False
26420,Female,37780.92,37495.0,462.0,285.91999999999825,0.7625550073343066,True,True
14740,Male,65988.918,65741.0,2103.0,247.91800000000512,0.37711321701830686,True,True
11180,Female,28427.0,27909.0,2076.0,518.0,1.8560321043391022,True,True
14460,Male,71363.96,71445.0,630.0,-81.0399999999936,-0.11342991112043334,True,True
26300,Female,30061.6182,29787.0,2009.0,274.6182000000008,0.9219397723839287,True,True
41660,Male,44687.72,46581.0,2329.0,-1893.2799999999988,-4.064489813443247,True,False
31420,Male,42956.676,43757.0,1956.0,-800.3240000000005,-1.8290193569028965,True,True
31080,Female,41763.435,41493.0,240.0,270.4349999999977,0.6517605379220536,False,True
26140,Male,40203.9,40206.0,2935.0,-2.099999999998545,-0.005223101029693441,True,True
15260,Female,33058.305,32668.0,2199.0,390.3050000000003,1.194762458675157,True,True
28700,Female,33515.79,33921.0,999.0,-405.2099999999991,-1.1945697355620388,True,True
19430,Female,36751.8228,36882.0,611.0,-130.17719999999827,-0.3529559134537126,True,True
19140,Female,32488.0,32362.0,1040.0,126.0,0.3893455287065076,True,True
37100,Female,41548.578,40796.0,696.0,752.5780000000013,1.844734777919407,False,True
16980,Female,43148.125,43239.0,330.0,-90.875,-0.21016906033904575,True,True
24580,Male,53695.845,53657.0,1003.0,38.845000000001164,0.07239502767579471,True,True
13740,Female,35797.23,36029.0,1259.0,-231.7699999999968,-0.643287351855441,True,True
18880,Female,35533.75,36229.0,1327.0,-695.25,-1.9190427558033618,True,True
41540,Female,36660.51,36101.0,1097.0,559.510000000002,1.5498462646464144,True,True
44100,Female,44687.72,43922.0,1397.0,765.7200000000012,1.743363234825375,True,True
15180,Male,35367.139,35373.0,1010.0,-5.860999999997148,-0.01656913465071424,True,True
33220,Female,34632.983,38124.0,2014.0,-3491.017,-9.157006085405518,False,False
31540,Male,57720.85,59627.0,931.0,-1906.1500000000015,-3.196790044778375,False,False
18700,Male,42770.595,37594.0,2614.0,5176.595000000001,13.769737192105127,False,False
39380,Male,50164.666,50395.0,2097.0,-230.33400000000256,-0.4570572477428367,True,True
29420,Female,34216.476,34629.0,1002.0,-412.5239999999976,-1.1912674348089682,True,True
38900,Female,44687.72,45019.0,477.0,-331.27999999999884,-0.7358670783446963,True,True
15500,Female,35797.23,36000.0,1227.0,-202.7699999999968,-0.5632499999999911,True,True
30620,Female,33410.748,33314.0,1526.0,96.74799999999959,0.2904124392147433,True,True
23460,Male,42234.4,41860.0,1806.0,374.40000000000146,0.8944099378882022,True,True
41420,Male,46701.5,47372.0,1237.0,-670.5,-1.4153930591910833,True,True
12940,Male,53695.845,54738.0,1371.0,-1042.1549999999988,-1.9038967444919415,True,True
22420,Male,46922.106,47015.0,1221.0,-92.89400000000023,-0.1975837498670642,True,True
47220,Female,36867.369,34644.0,1148.0,2223.368999999999,6.417760651195009,False,False
22500,Female,32488.0,32170.0,1457.0,318.0,0.9884986011812248,True,True
28880,Female,42640.5,42528.0,901.0,112.5,0.2645316027088036,True,True
33860,Male,45343.158,47420.0,1359.0,-2076.841999999997,-4.379675242513701,False,False
39900,Male,52473.5,53014.0,1317.0,-540.5,-1.019542007771532,True,True
43780,Female,34216.476,33827.0,791.0,389.4760000000024,1.1513761196677281,True,True
48260,Male,45686.25,47816.0,1480.0,-2129.75,-4.454053036640455,False,False
22180,Male,41763.435,42296.0,855.0,-532.5650000000023,-1.2591379799508282,True,True
48300,Female,35797.23,36699.0,1177.0,-901.7699999999968,-2.4572059184173867,True,True
12220,Male,44687.72,47698.0,1897.0,-3010.279999999999,-6.311124156149102,False,False
48680,Female,30550.425,30863.0,2107.0,-312.5750000000007,-1.0127822959530854,True,True
48660,Male,44671.0,44113.0,2458.0,558.0,1.264933239634575,True,True
25540,Female,45686.25,45984.0,868.0,-297.75,-0.6475078288100209,True,True
18020,Female,37780.92,35444.0,1895.0,2336.9199999999983,6.5932738968513664,False,False
11700,Female,35797.23,35481.0,800.0,316.2300000000032,0.8912657478650635,True,True
17140,Male,55838.75,55392.0,744.0,446.75,0.8065244078567303,True,True
29740,Male,35797.23,34970.0,1248.0,827.2300000000032,2.365541893051196,True,True
46700,Female,44149.917,44467.0,1257.0,-317.0829999999987,-0.7130748645062601,True,True
11020,Female,33583.04,34525.0,1309.0,-941.9599999999991,-2.728341781317883,True,True
15380,Female,40610.0,40562.0,673.0,48.0,0.11833736009072532,True,True
25740,Male,47729.64,55614.0,3291.0,-7884.360000000001,-14.17693386557342,False,False
27100,Female,35797.23,35125.0,1696.0,672.2300000000032,1.9138220640569488,True,True
43900,Male,46536.399,46928.0,1345.0,-391.6010000000024,-0.8344719570405779,True,True
45500,Male,45214.629,46596.0,2162.0,-1381.3709999999992,-2.964569920164819,True,True
36980,Male,47729.64,48340.0,2827.0,-610.3600000000006,-1.2626396359122891,True,True
33500,Female,35750.176,36923.0,1485.0,-1172.8240000000005,-3.176404950843649,True,False
13980,Male,41978.8,42322.0,1474.0,-343.1999999999971,-0.8109257596521835,True,True
38240,Male,52793.0,56288.0,1814.0,-3495.0,-6.209138715179079,False,False
32780,Female,35750.176,35779.0,1029.0,-28.824000000000524,-0.08056122306380983,True,True
16580,Female,33515.79,34908.0,1193.0,-1392.2099999999991,-3.9882261945685773,False,False
30340,Male,48732.0,47202.0,1349.0,1530.0,3.241388076776408,False,False
30980,Male,47226.15,47258.0,1788.0,-31.849999999998545,-0.06739599644504327,True,True
38940,Female,35750.176,34775.0,995.0,975.1759999999995,2.804244428468726,True,True
24540,Female,40914.575,40506.0,1011.0,408.5749999999971,1.0086777267565228,True,True
12540,Male,44077.74,43394.0,822.0,683.739999999998,1.5756556205927041,True,True
17410,Female,38661.0084,38954.0,473.0,-292.9916000000012,-0.7521476613441526,True,True
21660,Female,33097.15,33071.0,1293.0,26.150000000001455,0.0790722989930799,True,True
29100,Female,36660.51,36782.0,777.0,-121.48999999999796,-0.33029742808982104,True,True
31860,Male,47729.64,44974.0,1946.0,2755.6399999999994,6.12718459554409,False,False
19100,Female,41763.435,41503.0,292.0,260.4349999999977,0.6275088547815765,True,True
42340,Male,44687.72,48992.0,1478.0,-4304.279999999999,-8.785679294578705,False,False
43620,Female,41763.435,41972.0,962.0,-208.56500000000233,-0.4969146097398321,True,True
31340,Male,46070.0409,46122.0,1893.0,-51.959100000000035,-0.11265578248991812,True,True
34980,Male,54990.765,55191.0,598.0,-200.23500000000058,-0.36280371799750066,True,True
47940,Female,31772.442,32285.0,1179.0,-512.5580000000009,-1.5876041505343066,True,True
25420,Male,54990.765,55138.0,1188.0,-147.23500000000058,-0.2670299974609173,True,True
33100,Male,47133.0195,46824.0,429.0,309.01950000000215,0.659959636084064,True,True
27180,Female,32398.597,32910.0,1350.0,-511.4029999999984,-1.5539440899422619,True,True
27140,Female,34632.51,34394.0,801.0,238.51000000000204,0.6934639762749376,True,True
49700,Male,50374.56,50290.0,1899.0,84.55999999999767,0.1681447603897349,True,True
42680,Female,36660.51,36239.0,1697.0,421.51000000000204,1.1631391594690859,True,True
38860,Female,43503.8052,43562.0,1134.0,-58.194799999997485,-0.13359074422661377,True,True
22540,Female,38183.712,36864.0,1174.0,1319.7119999999995,3.5799479166666655,False,False
40380,Female,39879.86,40397.0,583.0,-517.1399999999994,-1.280144565190483,True,True
14580,Female,35797.23,35048.0,1977.0,749.2300000000032,2.1377254051586485,True,True
15940,Female,34216.476,34524.0,924.0,-307.5239999999976,-0.8907542579075356,True,True
49740,Male,41978.8,41892.0,1589.0,86.80000000000291,0.20719946529170943,True,True
19500,Male,50762.5,50047.0,1821.0,715.5,1.4296561232441505,True,True
45780,Female,35438.493,34760.0,781.0,678.4930000000022,1.9519361334867726,True,True
32900,Female,30224.736,29774.0,1074.0,450.7360000000008,1.5138577282192545,True,True
36420,Male,48880.68,49324.0,578.0,-443.3199999999997,-0.8987916632876484,True,True
11260,Male,59662.05,60199.0,1316.0,-536.9499999999971,-0.8919583381783702,True,True
26980,Female,32217.507,31283.0,985.0,934.5070000000014,2.9872678451555204,True,True
30500,Female,54407.2991,53534.0,2860.0,873.2990999999965,1.6312980535734236,True,True
41740,Female,44687.72,44175.0,538.0,512.7200000000012,1.1606564799094536,True,True
40340,Female,47540.991,49253.0,1195.0,-1712.0089999999982,-3.475948673177265,False,False
21500,Male,45686.25,45160.0,1244.0,526.25,1.1653011514614704,True,True
33140,Male,53695.845,53430.0,2551.0,265.84500000000116,0.4975575519371162,True,True
34820,Female,32217.507,32363.0,1242.0,-145.49299999999857,-0.449565862250096,True,True
33260,Male,67210.935,68645.0,4851.0,-1434.0650000000023,-2.0891033578556377,True,True
40060,Male,55859.65,55965.0,853.0,-105.34999999999854,-0.1882426516572832,True,True
20260,Female,35533.75,36081.0,667.0,-547.25,-1.516726254815554,True,True
33740,Female,31484.1,32090.0,1419.0,-605.9000000000015,-1.888127142411971,True,True
34100,Male,41978.8,43599.0,3551.0,-1620.199999999997,-3.7161402784467468,True,False
13460,Male,56854.0,55893.0,2439.0,961.0,1.7193566278424846,True,True
10500,Male,45686.25,44789.0,2233.0,897.25,2.00328205586193,True,True
17780,Female,27929.825,28091.0,1632.0,-161.17499999999927,-0.5737602790929454,True,True
27900,Female,30457.5,30063.0,795.0,394.5,1.3122442869973057,True,True
41060,Female,35432.225,36372.0,1203.0,-939.7750000000015,-2.5837869789948353,True,True
27500,Male,51390.878,51517.0,1133.0,-126.12200000000303,-0.24481627423957728,True,True
31900,Female,32398.597,32908.0,1437.0,-509.4029999999984,-1.5479609821319997,True,True
46140,Female,35750.176,35737.0,364.0,13.175999999999476,0.036869351092703576,True,True
39460,Female,35750.176,35359.0,1347.0,391.1759999999995,1.106298255041148,True,True
47900,Female,58770.32,58623.0,570.0,147.3199999999997,0.2513006840318641,True,True
16180,Male,48039.299,43822.0,2822.0,4217.298999999999,9.623702706403174,False,False
19660,Female,37638.1236,36947.0,620.0,691.123599999999,1.870581102660565,False,True
18140,Female,42398.588,42745.0,545.0,-346.4119999999966,-0.8104152532459857,True,True
13140,Female,33410.748,32805.0,1581.0,605.7479999999996,1.8465112025605839,True,True
14540,Female,30331.78995,30127.0,1331.0,204.7899499999985,0.6797555349022422,True,True
36540,Male,55859.65,55875.0,734.0,-15.349999999998545,-0.02747203579418084,True,True
44300,Female,30457.5,30504.0,1369.0,-46.5,-0.1524390243902439,True,True
21820,Male,57275.568,55544.0,3522.0,1731.5679999999993,3.117470833933457,True,False
48060,Female,34949.6862,34974.0,1849.0,-24.31380000000354,-0.06951964316350301,True,True
11200,Male,45343.158,42521.0,2946.0,2822.158000000003,6.637092260294921,True,False
34620,Male,37780.92,37793.0,2211.0,-12.080000000001746,-0.03196359114122125,True,True
24260,Male,48880.68,48854.0,1983.0,26.68000000000029,0.05461170016784765,True,True
37460,Female,34007.3685,33604.0,1149.0,403.36849999999686,1.2003585882632926,True,True
43420,Male,42640.5,43619.0,2744.0,-978.5,-2.243288475205759,True,True
40980,Male,43992.612,46541.0,1563.0,-2548.387999999999,-5.47557637352012,False,False
49020,Female,39101.755,38056.0,1939.0,1045.7549999999974,2.747937250367872,True,True
33780,Male,59662.05,59897.0,2252.0,-234.9499999999971,-0.39225670734760854,True,True
44940,Male,44687.72,45061.0,2996.0,-373.27999999999884,-0.8283881849049041,True,True
14010,Male,54742.457,54131.0,1954.0,611.4570000000022,1.1295874822190652,True,True
23580,Female,33583.04,34144.0,973.0,-560.9599999999991,-1.6429240862230527,True,True
20940,Female,27929.825,27143.0,1941.0,786.8250000000007,2.898813690454263,True,True
24300,Female,36731.45,36373.0,1155.0,358.4499999999971,0.9854837379374731,True,True
26820,Male,50273.685,52385.0,2243.0,-2111.3150000000023,-4.03038083420827,True,False
46060,Female,34632.983,35106.0,635.0,-473.0169999999998,-1.347396456446191,True,True
44060,Male,51390.878,51746.0,891.0,-355.122000000003,-0.6862791326865904,True,True
11100,Female,33583.04,34636.0,1597.0,-1052.9599999999991,-3.0400739115371262,True,False
16740,Female,41016.1,41136.0,321.0,-119.90000000000146,-0.29147218980941625,True,True
12060,Male,54990.765,54952.0,491.0,38.76499999999942,0.07054338331634775,True,True
10420,Male,50762.5,50928.0,791.0,-165.5,-0.3249685830977066,True,True
47260,Female,38878.3164,39032.0,654.0,-153.68359999999666,-0.3937374461979828,True,True
30300,Male,47226.15,52417.0,2794.0,-5190.8499999999985,-9.902989488143158,False,False
25180,Female,39879.86,40303.0,1248.0,-423.1399999999994,-1.0498970299977655,True,True
37980,Female,45214.629,45674.0,377.0,-459.3709999999992,-1.0057603888426658,False,True
33660,Male,48880.68,49962.0,1239.0,-1081.3199999999997,-2.1642848564909327,True,True
25220,Female,29234.4045,30145.0,1446.0,-910.5954999999994,-3.0207181953889517,True,False
26900,Male,54990.765,54796.0,626.0,194.76499999999942,0.35543652821373717,True,True
21340,Female,28755.478,28806.0,782.0,-50.522000000000844,-0.175387072137752,True,True
32580,Female,25381.25,25073.0,726.0,308.25,1.229410122442468,True,True
36260,Male,58884.5,59746.0,1081.0,-861.5,-1.4419375355672346,True,True
36780,Male,52424.5293,52738.0,1176.0,-313.47069999999803,-0.5943924684288332,True,True
27780,Male,47226.15,46389.0,1614.0,837.1500000000015,1.8046304080708822,True,True
48140,Female,41763.435,40299.0,1138.0,1464.4349999999977,3.633923918707654,False,False
42200,Male,47226.15,47036.0,1226.0,190.15000000000146,0.40426481843694506,True,True
44700,Female,37825.7397,37819.0,855.0,6.739699999998265,0.017820936566271622,True,True
22660,Male,57869.25,58296.0,1920.0,-426.75,-0.7320399341292713,True,True
33540,Male,42956.676,44846.0,2197.0,-1889.3240000000005,-4.212915310172591,True,False
10900,Female,38830.39,38866.0,1049.0,-35.61000000000058,-0.09162249781300001,True,True
40140,Male,49156.492,49707.0,335.0,-550.5080000000016,-1.1075059850725284,False,True
24220,Male,47729.64,47649.0,1620.0,80.63999999999942,0.16923754958131212,True,True
28420,Male,57720.85,57107.0,2866.0,613.8499999999985,1.0749120072845686,True,True
17820,Male,55838.75,56002.0,916.0,-163.25,-0.2915074461626371,True,True
24780,Female,34216.476,34813.0,1441.0,-596.5239999999976,-1.713509321230568,True,True
28740,Male,56212.782,57309.0,2487.0,-1096.2180000000008,-1.912819975920014,True,True
41100,Female,27929.825,28718.0,2294.0,-788.1749999999993,-2.744533045476702,True,True
42220,Female,46922.106,46421.0,1179.0,501.10599999999977,1.0794812692531393,True,True
18580,Female,32175.1584,32808.0,1087.0,-632.8415999999997,-1.9289246525237738,True,True
30780,Female,39101.755,39035.0,859.0,66.75499999999738,0.17101319328806808,True,True
25980,Female,34632.983,30556.0,1306.0,4076.983,13.342659379499935,False,False
42700,Male,40326.561,40744.0,1963.0,-417.4389999999985,-1.0245410367170589,True,True
22020,Female,37990.814,38582.0,1308.0,-591.1860000000015,-1.532284484993006,True,True
27620,Male,48833.525,48977.0,1535.0,-143.47499999999854,-0.2929436266002379,True,True
49180,Male,46436.646,47220.0,1074.0,-783.3539999999994,-1.6589453621346875,True,True
34940,Male,47729.64,48431.0,1275.0,-701.3600000000006,-1.4481633664388525,True,True
33460,Male,61930.25,62902.0,522.0,-971.75,-1.54486343836444,False,True
27980,Female,39899.325,42043.0,1058.0,-2143.675000000003,-5.098767928073646,False,False
41500,Female,36660.51,36015.0,734.0,645.510000000002,1.7923365264473194,True,True
47930,Male,58770.32,58219.0,2000.0,551.3199999999997,0.946976073103282,True,True
45460,Male,43503.8052,42922.0,1353.0,581.8052000000025,1.3554941521830355,True,True
14500,Male,62968.2,61034.0,1257.0,1934.199999999997,3.169053314545986,False,False
20580,Male,41763.435,38940.0,2975.0,2823.4349999999977,7.250731895223414,True,False
27340,Male,35797.23,37648.0,1619.0,-1850.7699999999968,-4.915984912877169,False,False
14020,Female,28637.784,28469.0,2004.0,168.78399999999965,0.5928694369313978,True,True
43580,Female,36782.7117,36228.0,1099.0,554.7116999999998,1.5311684332560445,True,True
34060,Female,32217.507,32896.0,1386.0,-678.4929999999986,-2.062539518482486,True,True
16860,Female,36101.768,36718.0,747.0,-616.2320000000036,-1.6782831308894919,True,True
17420,Female,31024.266,31327.0,1318.0,-302.7340000000004,-0.966367670060971,True,True
48540,Female,29605.6145,30317.0,1413.0,-711.3855000000003,-2.346490417917341,True,True
34900,Female,48880.68,50498.0,1744.0,-1617.3199999999997,-3.2027407026020827,True,False
29700,Male,39101.755,39840.0,1340.0,-738.2450000000026,-1.853024598393581,True,True
24140,Female,28427.0,30140.0,1719.0,-1713.0,-5.683477106834771,True,False
10540,Male,48880.68,51316.0,2220.0,-2435.3199999999997,-4.745732325200716,False,False
28450,Female,38579.5,39932.0,1545.0,-1352.5,-3.38700791345287,True,False
20740,Female,35797.23,35367.0,950.0,430.2300000000032,1.2164729832895163,True,True
39660,Male,46176.68,46791.0,1411.0,-614.3199999999997,-1.312902053813767,True,True
19740,Male,65067.14,65795.0,581.0,-727.8600000000006,-1.1062542746409312,False,True
23540,Female,32510.3163,32163.0,1256.0,347.3162999999986,1.079862885924816,True,True
21140,Male,50273.685,50511.0,1120.0,-237.31500000000233,-0.46982835421987745,True,True
17900,Female,36660.51,35963.0,636.0,697.510000000002,1.9395211745405057,False,True
41700,Female,35797.23,36066.0,482.0,-268.7699999999968,-0.745217101979695,True,True
19460,Female,33849.8709,34003.0,1717.0,-153.1290999999983,-0.4503399700026418,True,True
36500,Female,45825.6375,46477.0,1235.0,-651.3625000000029,-1.401472771478372,True,True
12420,Female,47729.64,47515.0,584.0,214.63999999999942,0.45173103230558653,True,True
13820,Male,52546.731,52854.0,895.0,-307.26900000000023,-0.5813542967419689,True,True
32820,Female,37780.92,37426.0,641.0,354.91999999999825,0.9483246940629462,True,True
22220,Male,49638.8256,50130.0,1083.0,-491.1744000000035,-0.9798013165769072,True,True
41780,Male,51324.714,54419.0,2338.0,-3094.286,-5.686039802274941,False,False
31180,Female,30457.5,30488.0,954.0,-30.5,-0.10003935974809762,True,True
10780,Male,44687.72,46457.0,3502.0,-1769.2799999999988,-3.808424995156809,True,False
17020,Female,33515.79,33409.0,1477.0,106.79000000000087,0.31964440719566845,True,True
19780,Female,42640.5,43040.0,1001.0,-399.5,-0.9282063197026023,True,True
35300,Male,57720.85,57676.0,1551.0,44.849999999998545,0.07776198071988097,True,True
20020,Female,30457.5,30574.0,955.0,-116.5,-0.38104271603323087,True,True
23900,Female,33515.79,34345.0,1808.0,-829.2099999999991,-2.4143543456107124,True,True
21300,Female,36660.51,36234.0,1178.0,426.51000000000204,1.1770988574267318,True,True
25940,Male,44687.72,45701.0,1468.0,-1013.2799999999988,-2.217194372114393,True,True
29620,Female,34107.775,34304.0,1153.0,-196.22499999999854,-0.5720178404850703,True,True
21420,Female,30164.211,31212.0,1948.0,-1047.7890000000007,-3.3570069204152273,True,False
12020,Female,30306.0216,30956.0,945.0,-649.9784,-2.099684713787311,True,True
40900,Male,57275.568,56948.0,760.0,327.5679999999993,0.5752054505864987,True,True
42100,Male,55485.7065,56266.0,2351.0,-780.2934999999998,-1.3867939786016419,True,True
10580,Female,45686.25,45623.0,877.0,63.25,0.13863621419021108,True,True
16700,Female,40299.648,40603.0,723.0,-303.35199999999895,-0.7471172080880697,True,True
19340,Female,36660.51,36489.0,935.0,171.51000000000204,0.4700320644577874,True,True
41940,Male,91372.5,92160.0,1358.0,-787.5,-0.8544921875,True,True
13220,Male,44687.72,43912.0,2511.0,775.7200000000012,1.7665330661322671,True,True
16620,Female,36731.45,37051.0,1039.0,-319.5500000000029,-0.8624598526355642,True,True
25260,Male,42565.0533,44557.0,2739.0,-1991.9467000000004,-4.47055838588774,True,False
31700,Female,45686.25,46304.0,1284.0,-617.75,-1.33411800276434,True,True
46300,Female,28637.784,27624.0,1905.0,1013.7839999999997,3.6699391833188515,True,False
26620,Female,38422.3602,37642.0,1069.0,780.3602000000028,2.0731103554540216,True,True
24660,Male,45686.25,45393.0,1185.0,293.25,0.6460247174674509,True,True
16940,Female,39101.755,36890.0,1242.0,2211.7549999999974,5.99554079696394,False,False
43300,Male,48922.881,50209.0,2315.0,-1286.1189999999988,-2.561530801250769,True,True
17660,Male,52793.0,52456.0,2247.0,337.0,0.6424431904834528,True,True
19300,Male,55838.75,56081.0,2490.0,-242.25,-0.43196447994864573,True,True
16820,Female,40508.475,40565.0,1282.0,-56.525000000001455,-0.13934426229508556,True,True
25620,Female,28230.743,28917.0,1085.0,-686.2570000000014,-2.3731956980323043,True,True
30700,Female,35750.176,35427.0,846.0,323.1759999999995,0.9122307844299531,True,True
19820,Female,38579.5,38339.0,427.0,240.5,0.6272985732543885,True,True
28940,Female,35750.176,35888.0,479.0,-137.82400000000052,-0.38403923316986327,True,True
39820,Male,50273.685,50749.0,1658.0,-475.3150000000023,-0.9365997359553929,True,True
19100,Male,56854.0,56714.0,492.0,140.0,0.24685262898049865,True,True
30980,Female,30550.425,30955.0,1042.0,-404.5750000000007,-1.3069778711032165,True,True
12540,Female,30904.9419,31304.0,639.0,-399.0580999999984,-1.2747830948121592,True,True
40380,Male,52473.5,52865.0,713.0,-391.5,-0.7405655916012485,True,True
32900,Male,44569.475,44072.0,1522.0,497.47499999999854,1.1287779088763807,True,True
43620,Male,53099.2245,54529.0,1197.0,-1429.7755000000034,-2.622046067230287,False,True
24540,Male,59662.05,60409.0,1186.0,-746.9499999999971,-1.2364879405386566,True,True
42680,Male,44687.72,44452.0,2885.0,235.72000000000116,0.5302798524250903,True,True
38240,Female,35797.23,36784.0,2628.0,-986.7699999999968,-2.6826065680730666,True,True
29100,Male,47729.64,50145.0,1168.0,-2415.3600000000006,-4.816751420879451,False,False
31860,Female,30917.0301,34787.0,2066.0,-3869.9699,-11.124758961681087,False,False
42340,Female,35797.23,36805.0,806.0,-1007.7699999999968,-2.7381334057872486,False,True
14580,Male,52473.5,54297.0,3706.0,-1823.5,-3.358380757684586,True,False
30340,Female,36650.525,37156.0,1508.0,-505.47499999999854,-1.3604128539132267,True,True
38860,Male,57275.568,57353.0,1031.0,-77.4320000000007,-0.13500950255435756,True,True
38940,Male,47729.64,47553.0,1368.0,176.63999999999942,0.37145921392971926,True,True
33100,Female,36660.51,36644.0,254.0,16.510000000002037,0.04505512498636076,True,True
15940,Male,48880.68,48737.0,841.0,143.6800000000003,0.2948068202802805,True,True
31340,Female,32533.57,32726.0,1237.0,-192.4300000000003,-0.5880034223553148,True,True
47940,Male,47729.64,48688.0,1293.0,-958.3600000000006,-1.9683700295760775,True,True
19500,Female,36420.4918,36650.0,1430.0,-229.50819999999658,-0.6262160982264573,True,True
27180,Male,44671.0,44851.0,1845.0,-180.0,-0.4013288443958886,True,True
17410,Male,52793.0,52480.0,506.0,313.0,0.5964176829268293,True,True
21660,Male,42640.5,42321.0,1001.0,319.5,0.7549443538668746,True,True
34980,Female,41978.8,42061.0,418.0,-82.19999999999709,-0.19543044625662037,True,True
22540,Male,55838.75,54444.0,1731.0,1394.75,2.5618066269928734,True,True
33500,Male,57720.85,54426.0,2387.0,3294.8499999999985,6.053816190791164,False,False
49740,Female,31168.175,30269.0,1209.0,899.1749999999993,2.9706134989593287,True,True
49700,Female,36549.0,36625.0,1599.0,-76.0,-0.20750853242320821,True,True
36420,Female,35797.23,35882.0,467.0,-84.7699999999968,-0.2362465860319848,True,True
25420,Female,40442.3866,40135.0,919.0,307.386599999998,0.7658816494331581,True,True
45780,Male,48880.68,49061.0,858.0,-180.3199999999997,-0.3675424471576195,True,True
27140,Male,46498.45,46203.0,1066.0,295.4499999999971,0.639460641083906,True,True
32780,Male,48880.68,47890.0,1595.0,990.6800000000003,2.0686573397368977,True,True
36980,Female,35797.23,35880.0,1663.0,-82.7699999999968,-0.23068561872908808,True,True
16580,Male,43570.527,45556.0,1548.0,-1985.4729999999981,-4.35831284572833,False,False
13980,Female,30355.975,29786.0,1749.0,569.9749999999985,1.913566776337872,True,True
14540,Male,42640.5,42742.0,1921.0,-101.5,-0.2374713396659024,True,True
10500,Female,33706.3,33027.0,1547.0,679.3000000000029,2.056802010476286,True,True
17780,Male,37984.562,37927.0,1676.0,57.56199999999808,0.15177050649932258,True,True
16180,Female,36731.45,35024.0,1955.0,1707.449999999997,4.875085655550471,True,False
33780,Female,36660.51,36021.0,1433.0,639.510000000002,1.7753810277338276,True,True
18140,Male,54889.086,54465.0,596.0,424.08600000000297,0.7786394932525529,True,True
40060,Female,42956.676,43461.0,584.0,-504.3240000000005,-1.1604058811348117,True,True
46060,Male,44687.72,45023.0,935.0,-335.27999999999884,-0.7446860493525506,True,True
26980,Male,42892.7967,44088.0,2341.0,-1195.203300000001,-2.710949237887863,True,True
44300,Male,38183.712,38491.0,1692.0,-307.28800000000047,-0.7983372736483866,True,True
40980,Female,31484.1,31728.0,1166.0,-243.90000000000146,-0.7687216338880529,True,True
49020,Male,57275.568,56573.0,2072.0,702.5679999999993,1.2418786346843889,True,True
41740,Male,59662.05,59899.0,630.0,-236.9499999999971,-0.3955825639826994,True,True
33740,Male,45825.6375,46389.0,2356.0,-563.3625000000029,-1.2144312229192327,True,True
19660,Male,47226.15,46741.0,815.0,485.15000000000146,1.037953830683985,True,True
33140,Female,35533.75,35445.0,1526.0,88.75,0.25038792495415435,True,True
34820,Male,39104.544,39808.0,1505.0,-703.4559999999983,-1.7671221864951725,True,True
27500,Female,36731.45,37617.0,1430.0,-885.5500000000029,-2.3541218066299887,True,True
31900,Male,44687.72,44304.0,2241.0,383.72000000000116,0.8661068977970412,True,True
47900,Male,73462.9,74618.0,550.0,-1155.1000000000058,-1.5480179045270654,False,True
39460,Male,41978.8,42551.0,2777.0,-572.1999999999971,-1.344739254071578,True,True
11200,Female,31484.1,29186.0,2009.0,2298.0999999999985,7.87398067566641,False,False
34620,Female,25583.7197,24976.0,1713.0,607.7197000000015,2.4332146860986605,True,True
24260,Female,36660.51,35762.0,1848.0,898.510000000002,2.512471338292048,True,True
37460,Male,48275.62,47989.0,1561.0,286.6200000000026,0.5972618725124562,True,True
43420,Female,31024.266,30862.0,1245.0,162.26599999999962,0.5257792754844133,True,True
46140,Male,48732.0,49621.0,488.0,-889.0,-1.7915801777473248,False,True
11260,Female,44671.0,45966.0,1326.0,-1295.0,-2.8172997432885176,True,True
20260,Male,48275.62,50151.0,1074.0,-1875.3799999999974,-3.7394668102330906,False,False
23580,Male,45686.25,46198.0,1907.0,-511.75,-1.1077319364474651,True,True
41060,Male,50273.685,50008.0,1189.0,265.6849999999977,0.5312849944008913,True,True
36540,Female,41978.8,41972.0,522.0,6.80000000000291,0.016201277041844347,True,True
34100,Female,31371.225,31625.0,1123.0,-253.77500000000146,-0.80245059288538,True,True
20940,Male,39879.86,40184.0,2334.0,-304.1399999999994,-0.7568684053354554,True,True
24300,Male,50273.685,51179.0,1553.0,-905.3150000000023,-1.7689188925145125,True,True
33260,Female,39101.755,38034.0,1912.0,1067.7549999999974,2.8073697218278313,True,True
30500,Male,83957.6,82609.0,3179.0,1348.6000000000058,1.632509774963994,True,True
13460,Female,40326.561,40909.0,1062.0,-582.4389999999985,-1.4237429416509777,True,True
40340,Male,56082.327,57974.0,1560.0,-1891.6730000000025,-3.2629678821540735,False,False
14010,Female,34518.5,35089.0,1540.0,-570.5,-1.6258656559035596,True,True
13140,Male,52473.5,52658.0,1362.0,-184.5,-0.35037411219567777,True,True
21820,Female,45343.158,41739.0,2320.0,3604.158000000003,8.634988859340192,False,False
48060,Male,44687.72,44330.0,1926.0,357.72000000000116,0.8069478908188612,True,True
44940,Female,33503.25,34428.0,2613.0,-924.75,-2.686040432206344,True,True
27900,Male,44077.74,43916.0,1232.0,161.73999999999796,0.3682940158484333,True,True
44060,Female,39101.755,39246.0,797.0,-144.24500000000262,-0.3675406410844484,True,True
26820,Female,26812.632,26885.0,1288.0,-72.36799999999857,-0.26917612051329204,True,True
21500,Female,33515.79,32411.0,1028.0,1104.7900000000009,3.4086884082564586,False,False
13220,Female,34947.351,31777.0,1739.0,3170.3510000000024,9.976873210183474,False,False
16620,Male,47729.64,47522.0,2072.0,207.63999999999942,0.4369344724548618,True,True
22220,Female,38183.712,38837.0,1128.0,-653.2880000000005,-1.6821278677549771,True,True
10580,Male,59819.79,60308.0,670.0,-488.2099999999991,-0.8095277575114399,True,True
28940,Male,48732.0,49306.0,732.0,-574.0,-1.164158520261226,True,True
39820,Female,36660.51,36723.0,1357.0,-62.48999999999796,-0.1701658361244941,True,True
21300,Male,50762.5,47889.0,2053.0,2873.5,6.000334105953351,False,False
25260,Female,30959.365,31717.0,1455.0,-757.6349999999984,-2.388734747926974,True,True
12020,Male,40610.0,41222.0,1355.0,-612.0,-1.484644122070739,True,True
41940,Female,60915.0,60824.0,782.0,91.0,0.14961199526502697,True,True
17660,Female,33727.6692,34517.0,1430.0,-789.3308000000034,-2.286788538980802,True,True
40900,Female,44687.72,44627.0,525.0,60.720000000001164,0.1360611289129925,True,True
12420,Male,62968.2,63075.0,1119.0,-106.80000000000291,-0.16932223543401176,True,True
42100,Female,39101.755,37852.0,2107.0,1249.7549999999974,3.3016881538624046,True,False
31700,Male,64766.901,65879.0,1907.0,-1112.099000000002,-1.6880933226066,True,True
16700,Male,55963.0029,56891.0,1090.0,-927.9971000000005,-1.6311843701112665,True,True
35300,Female,46475.2288,45607.0,1092.0,868.2287999999971,1.90371828885916,True,True
16940,Male,55859.65,57160.0,2151.0,-1300.3499999999985,-2.2749300209936996,True,True
30700,Male,47729.64,47372.0,1342.0,357.6399999999994,0.7549607362999228,True,True
19820,Male,55859.65,56257.0,498.0,-397.34999999999854,-0.7063121033826876,True,True
32820,Male,47729.64,48480.0,507.0,-750.3600000000006,-1.547772277227724,False,True
17900,Male,45686.25,46657.0,767.0,-970.75,-2.080609554836359,False,True
19460,Male,50762.5,49370.0,1544.0,1392.5,2.8205387887381,True,True
21420,Male,45686.25,45620.0,2306.0,66.25,0.1452213941253836,True,True
20020,Male,44687.72,45920.0,1525.0,-1232.2799999999988,-2.683536585365851,True,True
23900,Male,50762.5,50790.0,1486.0,-27.5,-0.054144516637133294,True,True
29620,Male,46925.4528,46747.0,988.0,178.45279999999912,0.38174171604594753,True,True
19340,Male,51390.878,52952.0,1111.0,-1561.122000000003,-2.948183260311231,False,True
26620,Male,60915.0,61208.0,1296.0,-293.0,-0.47869559534701345,True,True
41780,Female,33515.79,34335.0,1932.0,-819.2099999999991,-2.3859327217125355,True,True
31180,Male,44077.74,43449.0,1388.0,628.739999999998,1.4470758820686274,True,True
25620,Male,44269.2411,45894.0,2223.0,-1624.7589000000007,-3.5402425153614865,True,False
19300,Female,35797.23,34627.0,1334.0,1170.2300000000032,3.379530424235432,True,False
41700,Male,47226.15,47790.0,565.0,-563.8499999999985,-1.179849340866287,True,True
43300,Female,36660.51,36026.0,1100.0,634.510000000002,1.76125575972909,True,True
10780,Female,32383.4505,33092.0,1232.0,-708.549500000001,-2.141150429106736,True,True
17020,Male,41978.8,41932.0,1471.0,46.80000000000291,0.11160927215492443,True,True
19780,Male,58656.816,57749.0,1237.0,907.8159999999989,1.5720029784065508,True,True
13820,Female,36990.471,37179.0,636.0,-188.52900000000227,-0.5070846445574175,True,True
16820,Male,54572.44,55767.0,1793.0,-1194.5599999999977,-2.142055337385905,True,True
46300,Male,47226.15,46772.0,1672.0,454.15000000000146,0.9709869152484424,True,True
25940,Female,35786.927,36135.0,1109.0,-348.0729999999967,-0.963257229832563,True,True
24660,Female,35533.75,35275.0,610.0,258.75,0.7335223245924876,True,True
36500,Male,62048.532,61339.0,1623.0,709.5319999999992,1.1567387795692778,True,True
25980,Male,47658.663,41633.0,1899.0,6025.6630000000005,14.47328561477674,False,False
47260,Male,53695.845,54023.0,570.0,-327.15499999999884,-0.6055846583862408,True,True
33460,Female,47729.64,48244.0,340.0,-514.3600000000006,-1.066163668020895,False,True
26900,Female,41336.141,41121.0,469.0,215.14100000000326,0.5231900975170917,True,True
21140,Female,31484.1,31435.0,1055.0,49.099999999998545,0.1561953236837873,True,True
10900,Male,54572.44,54422.0,1058.0,150.44000000000233,0.27643232516262234,True,True
34060,Male,42770.595,41640.0,1467.0,1130.5950000000012,2.715165706051876,True,True
27980,Male,51167.4394,52540.0,1803.0,-1372.560599999997,-2.6124107346783347,True,True
44700,Male,52473.5,52846.0,1029.0,-372.5,-0.7048783257010938,True,True
24780,Male,41978.8,42955.0,1978.0,-976.1999999999971,-2.2726108718426192,True,True
36780,Female,38183.712,37355.0,1169.0,828.7119999999995,2.218476776870565,True,True
17420,Male,45825.6375,47052.0,2226.0,-1226.362500000003,-2.606398240244842,True,True
21340,Male,39104.544,38937.0,1210.0,167.5440000000017,0.43029509207181266,True,True
32580,Male,35750.176,35672.0,724.0,78.17599999999948,0.21915227629513198,True,True
25180,Male,53808.25,53606.0,1172.0,202.25,0.3772898556131776,True,True
41100,Male,47226.15,47123.0,2324.0,103.15000000000146,0.2188952316278706,True,True
49180,Female,36549.0,36418.0,674.0,131.0,0.3597122302158274,True,True
10420,Female,35797.23,36200.0,698.0,-402.7699999999968,-1.1126243093922563,True,True
25220,Male,44687.72,47834.0,2852.0,-3146.279999999999,-6.57749717773968,False,False
33540,Female,33583.04,36469.0,1516.0,-2885.959999999999,-7.913460747484162,False,False
14500,Female,41625.25,40731.0,1148.0,894.25,2.1955021973435467,True,True
20580,Female,25051.3485,25632.0,2177.0,-580.6514999999999,-2.26533824906367,True,True
27340,Female,31066.65,31761.0,1240.0,-694.3499999999985,-2.1861717200339994,True,True
20740,Male,49877.4738,50183.0,1240.0,-305.52620000000024,-0.608824103780165,True,True
27780,Female,33503.25,33577.0,1537.0,-73.75,-0.21964439944009295,True,True
16740,Male,54990.765,55222.0,661.0,-231.23500000000058,-0.4187370975335928,True,True
40140,Female,36660.51,36557.0,217.0,103.51000000000204,0.28314686653719406,True,True
42700,Female,31484.1,32138.0,1340.0,-653.9000000000015,-2.034663015744606,True,True
48140,Male,52793.0,53197.0,1219.0,-404.0,-0.7594413218790533,True,True
42200,Female,33410.748,33369.0,1025.0,41.74799999999959,0.12511013215858907,True,True
42220,Male,56976.843,57626.0,1788.0,-649.1569999999992,-1.126500190886057,True,True
33660,Female,32008.835,31972.0,815.0,36.83499999999913,0.11521018391091933,True,True
29700,Female,26251.302,26497.0,1080.0,-245.69800000000032,-0.9272672378005069,True,True
18580,Male,48880.68,48688.0,1478.0,192.6800000000003,0.3957443312520545,True,True
30780,Male,48880.68,49580.0,850.0,-699.3199999999997,-1.4104881000403382,True,True
12060,Female,41978.8,42269.0,319.0,-290.1999999999971,-0.6865551586268828,True,True
34940,Female,39101.755,38694.0,2321.0,407.7549999999974,1.0537938698506162,True,True
41500,Male,47729.64,45273.0,1353.0,2456.6399999999994,5.4262805645749115,False,False
47930,Female,44687.72,44372.0,1267.0,315.72000000000116,0.7115297935635112,True,True
24140,Male,40665.8252,41935.0,1788.0,-1269.1748000000007,-3.026528675330871,True,False
28740,Female,41978.8,41071.0,1813.0,907.8000000000029,2.2103187163692213,True,True
24220,Female,34603.989,34273.0,1395.0,330.9890000000014,0.9657427129227129,True,True
22660,Female,38541.6843,37531.0,1399.0,1010.6843000000008,2.6929319762329826,True,True
14020,Male,36660.51,37476.0,2230.0,-815.489999999998,-2.1760326609029725,True,True
43580,Male,50762.5,49774.0,1386.0,988.5,1.9859766142966206,True,True
11100,Male,50273.685,50875.0,1831.0,-601.3150000000023,-1.1819459459459507,True,True
37980,Male,60915.0,60940.0,330.0,-25.0,-0.04102395799146702,True,True
39660,Female,36660.51,37470.0,1250.0,-809.489999999998,-2.160368294635703,True,True
16860,Male,50102.697,49496.0,960.0,606.6970000000001,1.2257495555196383,True,True
45460,Female,30427.6455,30547.0,1201.0,-119.35450000000128,-0.39072413002913964,True,True
48540,Male,43992.612,41203.0,1279.0,2789.612000000001,6.770409921607652,False,False
22020,Male,50116.122,51813.0,1394.0,-1696.877999999997,-3.2750043425395114,False,False
27620,Female,38249.1321,37736.0,1116.0,513.1321000000025,1.3597946258215035,True,True
34900,Male,59662.05,57657.0,2282.0,2005.050000000003,3.4775482595348404,True,False
36260,Female,35533.75,35420.0,676.0,113.75,0.32114624505928857,True,True
17820,Female,40218.948,39591.0,918.0,627.9479999999967,1.5860877472152677,True,True
28420,Female,37564.25,37245.0,1238.0,319.25,0.8571620351725064,True,True
19740,Female,50273.685,50272.0,382.0,1.6849999999976717,0.0033517663908292326,True,True
23540,Male,41422.2,40836.0,1202.0,586.1999999999971,1.435498089920651,True,True
30300,Female,31772.442,36190.0,1628.0,-4417.558000000001,-12.20657087593258,False,False
10540,Female,35939.85,35780.0,1424.0,159.84999999999854,0.4467579653437634,True,True
28450,Male,54823.5,55213.0,2351.0,-389.5,-0.7054498034883089,True,True
27740,Female,31840.0005,32030.0,1115.0,-189.99950000000172,-0.5931923197002863,True,True
41860,Female,60915.0,61278.0,488.0,-363.0,-0.5923822579065896,True,True
35620,Male,62562.808,62272.0,218.0,290.80799999999726,0.46699640287769345,False,True
10180,Female,31484.1,31869.0,1223.0,-384.90000000000146,-1.2077567542125622,True,True
45060,Female,38183.712,38422.0,1109.0,-238.28800000000047,-0.6201863515694146,True,True
24340,Female,36049.5015,36345.0,422.0,-295.4985000000015,-0.8130375567478374,True,True
38300,Female,40218.948,40084.0,402.0,134.94799999999668,0.3366630076838556,True,True
40580,Female,35838.325,36444.0,980.0,-605.6750000000029,-1.6619333772363156,True,True
44220,Male,48630.475,47768.0,1839.0,862.4749999999985,1.8055497404119885,True,True
47460,Male,48732.0,47148.0,2791.0,1584.0,3.3596334945278694,True,False
11460,Male,50762.5,51051.0,1654.0,-288.5,-0.5651211533564474,True,True
23060,Male,50762.5,51103.0,774.0,-340.5,-0.666301391307751,True,True
30020,Female,30550.425,31155.0,813.0,-604.5750000000007,-1.940539239287436,True,True
36740,Female,36660.51,36790.0,366.0,-129.48999999999796,-0.3519706441967871,True,True
15980,Male,46922.106,46312.0,1206.0,610.1059999999998,1.317382103990326,True,True
42140,Male,46701.5,47234.0,2418.0,-532.5,-1.1273658805098021,True,True
29540,Male,55859.65,56786.0,1115.0,-926.3499999999985,-1.6312999683020437,True,True
30860,Male,51309.363,46532.0,1304.0,4777.362999999998,10.266833576893315,False,False
43100,Male,55838.75,53634.0,1318.0,2204.75,4.11073199835925,False,False
38540,Male,45686.25,43038.0,2262.0,2648.25,6.153283145127562,False,False
12700,Male,60328.422,59104.0,2419.0,1224.4219999999987,2.071639821331887,True,True
24860,Male,50273.685,50140.0,816.0,133.68499999999767,0.2666234543278773,True,True
36100,Female,33515.79,33277.0,1049.0,238.79000000000087,0.7175827147879944,True,True
13020,Female,34632.51,32438.0,1406.0,2194.510000000002,6.765244466366613,False,False
27260,Female,39879.86,40104.0,559.0,-224.13999999999942,-0.5588968681428272,True,True
37340,Male,50762.5,51376.0,1254.0,-613.5,-1.194137340392401,True,True
44180,Female,33515.79,34049.0,792.0,-533.2099999999991,-1.5660078122705485,True,True
45940,Male,56976.843,56785.0,2206.0,191.84300000000076,0.3378409791318143,True,True
46340,Female,33515.79,34200.0,2226.0,-684.2099999999991,-2.0006140350877164,True,True
12980,Male,47226.15,46118.0,1091.0,1108.1500000000015,2.4028578862916894,False,True
24500,Female,36171.7032,35745.0,1737.0,426.70320000000356,1.1937423415862458,True,True
39740,Male,52473.5,52338.0,1013.0,135.5,0.2588941113531278,True,True
42660,Male,74851.931,75082.0,735.0,-230.06900000000314,-0.3064236434831293,True,True
28100,Female,35797.23,35659.0,1232.0,138.2300000000032,0.3876440730250517,True,True
31140,Male,50762.5,51228.0,650.0,-465.5,-0.9086827516202076,True,True
29020,Female,33849.8709,33818.0,2004.0,31.87090000000171,0.09424241528180766,True,True
17300,Female,32533.57,33174.0,1509.0,-640.4300000000003,-1.9305178754446262,True,True
45900,Male,45686.25,48510.0,1580.0,-2823.75,-5.820964749536178,False,False
49340,Male,62968.2,61888.0,851.0,1080.199999999997,1.7454110651499437,False,True
47020,Male,50273.685,49003.0,1867.0,1270.6849999999977,2.5930759341264773,True,True
12580,Female,50273.685,50449.0,525.0,-175.31500000000233,-0.3475093658942741,True,True
12620,Male,44077.74,44038.0,2018.0,39.73999999999796,0.0902402470593532,True,True
44140,Male,53695.845,52834.0,1241.0,861.8450000000012,1.63123178256426,True,True
25500,Female,27929.825,27111.0,1694.0,818.8250000000007,3.020268525690682,True,False
39540,Male,54990.765,53652.0,1769.0,1338.7649999999994,2.495275106240214,True,True
20500,Female,43682.2463,43490.0,1089.0,192.24629999999888,0.44204713727293377,True,True
25060,Female,32994.459,32831.0,840.0,163.45900000000256,0.49788005238951777,True,True
27860,Female,32218.729,32472.0,1747.0,-253.27100000000064,-0.7799673564917486,True,True
29200,Male,41763.435,41815.0,1229.0,-51.56500000000233,-0.12331699151022918,True,True
11700,Male,42956.676,44235.0,1224.0,-1278.3240000000005,-2.8898474059003063,False,True
12940,Female,33515.79,34339.0,1142.0,-823.2099999999991,-2.3973033576982417,True,True
22500,Male,42956.676,44953.0,2385.0,-1996.3240000000005,-4.440913843347497,True,False
15500,Male,45804.913,46299.0,1575.0,-494.08699999999953,-1.0671655975291032,True,True
48660,Female,31484.1,32400.0,1432.0,-915.9000000000015,-2.8268518518518566,True,True
33220,Male,50273.685,54990.0,2082.0,-4716.315000000002,-8.576677577741412,False,False
26420,Male,52546.731,53096.0,456.0,-549.2690000000002,-1.0344828235648642,False,True
22420,Female,31484.1,32142.0,750.0,-657.9000000000015,-2.046854582788879,True,True
43900,Female,34632.51,34506.0,1389.0,126.51000000000204,0.36663189010607444,True,True
45500,Female,32848.411,34874.0,1439.0,-2025.589,-5.808307048230773,False,False
13740,Male,47729.64,53024.0,2051.0,-5294.360000000001,-9.984837054918529,False,False
18880,Male,50374.56,51834.0,1294.0,-1459.4400000000023,-2.815603657830772,False,True
37100,Male,55859.65,55615.0,1262.0,244.65000000000146,0.43989930774072006,True,True
29420,Male,41978.8,42458.0,2150.0,-479.1999999999971,-1.128644778369205,True,True
31080,Male,51390.878,51604.0,239.0,-213.12200000000303,-0.41299511665762934,True,True
14260,Female,35681.98,35602.0,658.0,79.9800000000032,0.22465030054492222,True,True
34580,Male,61100.85,60306.0,1879.0,794.8499999999985,1.318028056909758,True,True
14460,Female,52473.5,52294.0,405.0,179.5,0.34325161586415265,True,True
25540,Male,61445.615,61888.0,654.0,-442.38500000000204,-0.714815473112723,True,True
33860,Female,33515.79,34848.0,1200.0,-1332.2099999999991,-3.822916666666664,False,False
39900,Female,40610.0,40113.0,739.0,497.0,1.2389998254929824,True,True
18020,Male,54823.5,58526.0,3187.0,-3702.5,-6.326248163209513,False,False
19140,Male,41783.0182,43021.0,1712.0,-1237.9818000000014,-2.877622091536695,True,True
48300,Male,48880.68,48836.0,1625.0,44.68000000000029,0.09148988451142659,True,True
14740,Female,42640.5,42872.0,1236.0,-231.5,-0.5399794737824222,True,True
25740,Female,35797.23,40146.0,1666.0,-4348.769999999997,-10.832386788222978,False,False
27100,Male,48732.0,48736.0,1936.0,-4.0,-0.008207485226526591,True,True
11020,Male,47729.64,46961.0,1474.0,768.6399999999994,1.6367624198803248,True,True
15380,Male,52508.071,52231.0,706.0,277.07100000000355,0.5304723248645509,True,True
30620,Male,47750.885,49187.0,1626.0,-1436.114999999998,-2.919704393437286,True,True
17140,Female,40218.948,40170.0,464.0,48.94799999999668,0.12185212845406193,True,True
11180,Male,37202.5269,36716.0,1585.0,486.5268999999971,1.3251086719686163,True,True
26300,Male,40929.33,39837.0,2008.0,1092.3300000000017,2.741998644476245,True,True
31540,Female,44077.74,44139.0,823.0,-61.26000000000204,-0.1387888262081199,True,True
15180,Female,27128.7774,26798.0,1048.0,330.77739999999903,1.234336144488391,True,True
48260,Female,29385.16,29567.0,1411.0,-181.84000000000015,-0.615009977339602,True,True
10740,Male,47226.15,47183.0,1129.0,43.150000000001455,0.09145242990060289,True,True
38900,Male,60915.0,60934.0,539.0,-19.0,-0.03118127810417829,True,True
26140,Female,30550.425,31666.0,1660.0,-1115.5750000000007,-3.5229425882650185,True,False
29740,Female,28106.391,28586.0,1512.0,-479.6090000000004,-1.6777758343244957,True,True
41540,Male,44707.422,43725.0,2905.0,982.4219999999987,2.2468198970840447,True,True
44100,Male,54531.1137,53561.0,1529.0,970.1137000000017,1.8112314930639866,True,True
47220,Male,42453.334,40415.0,2091.0,2038.3340000000026,5.0435085982927195,True,False
39380,Female,38579.5,37173.0,1575.0,1406.5,3.7836601834664947,True,False
16980,Male,59662.05,59844.0,418.0,-181.9499999999971,-0.30404050531381105,True,True
28880,Male,59662.05,60551.0,800.0,-888.9499999999971,-1.4681012700037936,False,True
15260,Male,47226.15,45002.0,3287.0,2224.1500000000015,4.942335896182396,True,False
28700,Male,44149.917,44457.0,1187.0,-307.0829999999987,-0.6907416154936201,True,True
43780,Male,48275.62,48543.0,956.0,-267.3799999999974,-0.55081062151082,True,True
23460,Female,31484.1,31297.0,1814.0,187.09999999999854,0.5978208774003851,True,True
41420,Female,35533.75,36182.0,919.0,-648.25,-1.791636725443591,True,True
48680,Male,40610.0,43408.0,2572.0,-2798.0,-6.445816439366016,False,False
41660,Female,30550.425,31641.0,1069.0,-1090.5750000000007,-3.4467147056034917,False,False
24580,Female,38183.712,38608.0,889.0,-424.28800000000047,-1.0989639452963127,True,True
46700,Male,55838.75,57812.0,1963.0,-1973.25,-3.413218708918564,False,False
12220,Female,31484.1,31873.0,1246.0,-388.90000000000146,-1.2201549901170314,True,True
19430,Male,50762.5,51322.0,756.0,-559.5,-1.090175753088344,True,True
18700,Female,26924.3513,26356.0,2110.0,568.3512999999984,2.156439899833049,True,True
22180,Female,32894.1,33949.0,839.0,-1054.9000000000015,-3.1073080208548163,False,False
31420,Female,35533.75,35635.0,1095.0,-101.25,-0.2841307703100884,True,True
12260,Female,34216.476,34070.0,842.0,146.4760000000024,0.4299266216612926,True,True
30460,Male,47226.15,48095.0,863.0,-868.8499999999985,-1.8065287451918048,False,True
16020,Male,42770.595,45221.0,2738.0,-2450.404999999999,-5.418732447314299,True,False
47580,Female,36731.45,40046.0,1959.0,-3314.550000000003,-8.27685661489288,False,False
28020,Female,34603.989,34706.0,1425.0,-102.0109999999986,-0.2939290036304921,True,True
28140,Male,55859.65,56958.0,652.0,-1098.3499999999985,-1.9283507145616041,False,True
44420,Male,47226.15,48540.0,1640.0,-1313.8499999999985,-2.7067367119901085,True,True
46540,Female,39101.755,39656.0,1271.0,-554.2450000000026,-1.3976321363728128,True,True
46520,Male,55859.65,56874.0,890.0,-1014.3499999999985,-1.7835038857826047,False,True
49620,Female,38183.712,39127.0,1004.0,-943.2880000000005,-2.410836506760039,True,True
33340,Female,41978.8,42443.0,525.0,-464.1999999999971,-1.0937021416959147,True,True
38060,Female,42234.4,42381.0,249.0,-146.59999999999854,-0.34590972369693623,True,True
20220,Male,51309.363,52507.0,1523.0,-1197.6370000000024,-2.2809092121050574,True,True
26380,Female,30457.5,31004.0,878.0,-546.5,-1.7626757837698361,True,True
13380,Male,53625.264,53209.0,1977.0,416.26400000000285,0.7823187806574129,True,True
20100,Male,48880.68,47538.0,2217.0,1342.6800000000003,2.824435188691153,True,True
39300,Male,56678.9475,57202.0,841.0,-523.052499999998,-0.9143954756826649,True,True
48620,Male,50116.122,50001.0,865.0,115.12200000000303,0.23023939521210182,True,True
39580,Female,47226.15,47426.0,726.0,-199.84999999999854,-0.4213933285539546,True,True
40220,Male,50273.685,49763.0,1596.0,510.6849999999977,1.026234350822896,True,True
42540,Male,49042.2051,48719.0,943.0,323.2050999999992,0.663406679119028,True,True
27060,Male,41978.8,43190.0,2168.0,-1211.199999999997,-2.8043528594582012,True,True
24020,Male,52793.0,52699.0,1646.0,94.0,0.178371506100685,True,True
45220,Female,33515.79,34299.0,1202.0,-783.2099999999991,-2.283477652409689,True,True
35980,Female,39879.86,39910.0,1467.0,-30.139999999999418,-0.07551991981959262,True,True
21780,Female,36308.7725,35992.0,929.0,316.7724999999991,0.8801191931540319,True,True
22140,Male,41336.141,42058.0,1940.0,-721.8589999999967,-1.7163417185790972,True,True
16540,Male,54183.8605,54996.0,1891.0,-812.1394999999975,-1.4767246708851507,True,True
13900,Female,43570.527,43806.0,1311.0,-235.47299999999814,-0.5375359539789027,True,True
47300,Male,41763.435,41738.0,993.0,25.43499999999767,0.06093967128275833,True,True
22380,Female,32488.0,33114.0,1593.0,-626.0,-1.890439089206982,True,True
17980,Female,33515.79,32920.0,1031.0,595.7900000000009,1.8098116646415578,True,True
33700,Male,50273.685,50358.0,1116.0,-84.31500000000233,-0.1674311926605551,True,True
40660,Male,44874.05,43098.0,2287.0,1776.050000000003,4.1209568889507695,True,False
22520,Male,45686.25,48359.0,2076.0,-2672.75,-5.526892615645485,False,False
37900,Male,53768.748,55962.0,1662.0,-2193.2520000000004,-3.9191808727350708,False,False
48900,Female,36731.45,36735.0,985.0,-3.5500000000029104,-0.009663808357160502,True,True
17860,Female,33515.79,35306.0,1270.0,-1790.2099999999991,-5.0705545799580785,False,False
21060,Female,33515.79,35364.0,1220.0,-1848.2099999999991,-5.226247030878858,False,False
15540,Female,42453.334,44553.0,1160.0,-2099.6659999999974,-4.712737638318401,False,False
41140,Male,47226.15,46175.0,1501.0,1051.1500000000015,2.276448294531676,True,True
35840,Female,36731.45,37381.0,738.0,-649.5500000000029,-1.737647467965017,True,True
42020,Male,47226.15,47193.0,2127.0,33.150000000001455,0.07024346831098141,True,True
11540,Male,58884.5,60366.0,997.0,-1481.5,-2.4541960706357884,False,True
39340,Male,52473.5,52150.0,861.0,323.5,0.62032598274209,True,True
43640,Male,59662.05,59971.0,2403.0,-308.9499999999971,-0.5151656634039737,True,True
24420,Male,43028.27,42452.0,2526.0,576.2699999999968,1.3574625459342242,True,True
31020,Female,35797.23,35125.0,1456.0,672.2300000000032,1.9138220640569488,True,True
39150,Female,34216.476,35261.0,1447.0,-1044.5239999999976,-2.962264257962048,True,True
11500,Female,26254.0355,28659.0,2390.0,-2404.964499999998,-8.391655326424504,False,False
45300,Male,50273.685,50207.0,424.0,66.68499999999767,0.13282012468380439,True,True
29180,Female,31484.1,32294.0,1104.0,-809.9000000000015,-2.5078962036291617,True,True
22900,Female,32488.0,31988.0,818.0,500.0,1.563086157308991,True,True
35380,Female,35797.23,35629.0,699.0,168.2300000000032,0.47217154565102365,True,True
30140,Male,53736.9833,54682.0,1927.0,-945.0167000000001,-1.7282043451227098,True,True
36220,Male,57434.799,58079.0,2510.0,-644.2010000000009,-1.1091805988395134,True,True
29820,Male,47226.15,46887.0,578.0,339.15000000000146,0.7233348262844743,True,True
12100,Male,49938.5271,50194.0,1493.0,-255.47290000000066,-0.5089709925489115,True,True
48700,Male,48275.62,48441.0,1436.0,-165.37999999999738,-0.34140500815424407,True,True
47380,Male,44687.72,43886.0,1600.0,801.7200000000012,1.8268240441142989,True,True
26580,Female,31620.8865,32259.0,886.0,-638.1134999999995,-1.9780944852599256,True,True
35660,Female,31772.442,31355.0,1059.0,417.4419999999991,1.331341093924411,True,True
41180,Male,56854.0,57572.0,600.0,-718.0,-1.2471340234836379,False,True
29460,Male,44149.917,44696.0,1051.0,-546.0829999999987,-1.221771523178805,True,True
37620,Female,31024.266,33188.0,2804.0,-2163.7340000000004,-6.5196275762323745,True,False
37860,Male,46436.646,46366.0,1050.0,70.64600000000064,0.15236595781391676,True,True
41620,Male,57275.568,57551.0,806.0,-275.4320000000007,-0.4785876874424435,True,True
29340,Male,52508.071,53511.0,2745.0,-1002.9289999999964,-1.8742482853992573,True,True
28660,Female,32218.729,32541.0,1278.0,-322.27100000000064,-0.9903537076303759,True,True
43340,Male,45343.158,47844.0,1536.0,-2500.841999999997,-5.227075495359913,False,False
45820,Female,38305.655,39334.0,1272.0,-1028.3450000000012,-2.61439212894697,True,True
34740,Female,31951.7198,32450.0,1323.0,-498.28020000000106,-1.5355322033898338,True,True
46660,Female,30550.425,30639.0,1308.0,-88.57500000000073,-0.28909233330069756,True,True
37140,Male,45686.25,52139.0,1842.0,-6452.75,-12.376052475114598,False,False
16300,Female,38305.655,38296.0,1150.0,9.654999999998836,0.025211510340502497,True,True
46220,Male,44687.72,45043.0,1588.0,-355.27999999999884,-0.7887574095863926,True,True
49420,Male,43992.612,43561.0,1248.0,431.612000000001,0.990822065609148,True,True
25860,Male,45214.629,45730.0,1208.0,-515.3709999999992,-1.126986660835336,True,True
13780,Male,44481.4188,45587.0,1535.0,-1105.5812000000005,-2.4252115734748956,True,True
49660,Male,45214.629,46071.0,935.0,-856.3709999999992,-1.8588070586703114,True,True
14860,Female,46536.399,45972.0,1050.0,564.3989999999976,1.227701644479243,True,True
31740,Female,27929.825,27601.0,1878.0,328.8250000000007,1.1913517626172991,True,True
16220,Female,33583.04,35027.0,2146.0,-1443.9599999999991,-4.122419847546176,True,False
29940,Female,26884.374,29195.0,2265.0,-2310.626,-7.914457955129303,False,False
40420,Female,35533.75,35197.0,1008.0,336.75,0.9567576782112113,True,True
23420,Male,43381.6035,43082.0,848.0,299.60349999999744,0.69542616405923,True,True
38340,Male,52793.0,50438.0,3058.0,2355.0,4.66909869542805,True,False
