STATEFP,PUMA5CE,n_targets,straddles
01,00100,2,True
01,00200,1,False
01,00300,1,False
01,00401,1,False
01,00402,1,False
01,00403,1,False
01,00501,2,True
01,00600,2,True
01,00700,2,True
01,00800,1,False
01,00900,1,False
01,01000,2,True
01,01100,3,True
01,01201,1,False
01,01202,1,False
01,01301,1,False
01,01401,1,False
01,01402,1,False
01,01403,1,False
01,01404,1,False
01,01501,1,False
01,01502,1,False
01,01600,2,True
01,01700,3,True
01,01801,1,False
01,01802,1,False
01,01901,1,False
01,02000,5,True
01,02101,1,False
01,02201,2,True
01,02300,1,False
01,02400,2,True
01,02500,3,True
01,02600,1,False
01,02701,1,False
01,02702,1,False
01,02801,1,False
01,02802,1,False
01,02803,1,False
02,00101,1,False
02,00102,1,False
02,00200,2,True
02,00300,4,True
02,00400,1,False
04,00101,1,False
04,00102,1,False
04,00103,1,False
04,00104,1,False
04,00105,1,False
04,00106,1,False
04,00107,1,False
04,00108,1,False
04,00109,1,False
04,00110,1,False
04,00111,1,False
04,00112,1,False
04,00113,1,False
04,00114,1,False
04,00115,1,False
04,00116,1,False
04,00117,1,False
04,00118,1,False
04,00119,1,False
04,00120,1,False
04,00121,1,False
04,00122,1,False
04,00123,1,False
04,00124,1,False
04,00125,1,False
04,00126,1,False
04,00127,1,False
04,00128,1,False
04,00129,1,False
04,00130,1,False
04,00131,1,False
04,00132,1,False
04,00133,1,False
04,00134,1,False
04,00135,1,False
04,00400,3,True
04,00500,1,False
04,00601,1,False
04,00602,1,False
04,00701,2,True
04,00803,1,False
04,00805,1,False
04,00807,1,False
04,00900,2,True
04,01000,2,True
04,01101,1,False
04,01901,1,False
04,01902,1,False
04,01903,2,True
04,01904,1,False
04,01905,1,False
04,01906,1,False
04,01907,1,False
04,01908,1,False
04,01909,1,False
04,02502,1,False
04,02503,1,False
05,00101,1,False
05,00102,1,False
05,00201,1,False
05,00202,1,False
05,00300,4,True
05,00400,2,True
05,00500,2,True
05,00600,4,True
05,00700,1,False
05,00800,2,True
05,00900,1,False
05,01000,2,True
05,01100,2,True
05,01200,2,True
05,01300,4,True
05,01400,1,False
05,01501,1,False
05,01502,1,False
05,01600,2,True
05,01700,4,True
06,00101,1,False
06,00111,1,False
06,00112,1,False
06,00113,1,False
06,00114,1,False
06,00115,1,False
06,00116,1,False
06,00117,1,False
06,00118,1,False
06,00119,1,False
06,00120,1,False
06,00121,1,False
06,00122,1,False
06,00123,1,False
06,00300,4,True
06,00700,1,False
06,01100,2,True
06,01301,1,False
06,01305,1,False
06,01308,1,False
06,01309,1,False
06,01310,1,False
06,01311,1,False
06,01312,1,False
06,01313,1,False
06,01314,1,False
06,01500,3,True
06,01700,1,False
06,01901,1,False
06,01902,1,False
06,01903,1,False
06,01904,1,False
06,01905,1,False
06,01906,1,False
06,01907,1,False
06,02300,1,False
06,02500,1,False
06,02903,1,False
06,02904,1,False
06,02905,1,False
06,02906,1,False
06,02907,1,False
06,02908,1,False
06,03100,1,False
06,03300,2,True
06,03703,1,False
06,03704,1,False
06,03705,1,False
06,03706,1,False
06,03707,1,False
06,03708,1,False
06,03709,1,False
06,03710,1,False
06,03711,1,False
06,03712,1,False
06,03713,1,False
06,03714,1,False
06,03715,1,False
06,03716,1,False
06,03717,1,False
06,03718,1,False
06,03719,1,False
06,03720,1,False
06,03721,1,False
06,03722,1,False
06,03723,1,False
06,03724,1,False
06,03725,1,False
06,03728,1,False
06,03730,1,False
06,03731,1,False
06,03732,1,False
06,03733,1,False
06,03734,1,False
06,03735,1,False
06,03736,1,False
06,03737,1,False
06,03738,1,False
06,03739,1,False
06,03740,1,False
06,03741,1,False
06,03742,1,False
06,03743,1,False
06,03744,1,False
06,03745,1,False
06,03746,1,False
06,03747,1,False
06,03748,1,False
06,03750,1,False
06,03751,1,False
06,03752,1,False
06,03753,1,False
06,03754,1,False
06,03757,1,False
06,03758,1,False
06,03759,1,False
06,03760,1,False
06,03761,1,False
06,03762,1,False
06,03763,1,False
06,03764,1,False
06,03766,1,False
06,03767,1,False
06,03768,1,False
06,03770,1,False
06,03771,1,False
06,03772,1,False
06,03773,1,False
06,03774,1,False
06,03775,1,False
06,03776,1,False
06,03778,1,False
06,03779,1,False
06,03780,1,False
06,03781,1,False
06,03782,1,False
06,03900,1,False
06,04103,1,False
06,04104,1,False
06,04701,1,False
06,04702,1,False
06,05301,1,False
06,05302,1,False
06,05303,2,True
06,05500,1,False
06,05700,2,True
06,05906,1,False
06,05907,1,False
06,05908,1,False
06,05909,1,False
06,05912,1,False
06,05913,1,False
06,05914,1,False
06,05916,1,False
06,05917,1,False
06,05918,1,False
06,05919,1,False
06,05920,1,False
06,05921,1,False
06,05922,1,False
06,05923,1,False
06,05924,1,False
06,05925,1,False
06,05926,1,False
06,05927,1,False
06,05928,1,False
06,06101,1,False
06,06102,1,False
06,06103,1,False
06,06501,1,False
06,06502,1,False
06,06507,1,False
06,06509,1,False
06,06511,1,False
06,06514,1,False
06,06515,1,False
06,06516,1,False
06,06517,1,False
06,06518,1,False
06,06519,1,False
06,06520,1,False
06,06521,1,False
06,06522,1,False
06,06523,1,False
06,06524,1,False
06,06525,1,False
06,06701,1,False
06,06703,1,False
06,06704,1,False
06,06705,1,False
06,06706,1,False
06,06707,1,False
06,06709,1,False
06,06712,1,False
06,06713,1,False
06,06714,1,False
06,06715,1,False
06,06716,1,False
06,06717,1,False
06,07101,1,False
06,07102,1,False
06,07103,1,False
06,07104,1,False
06,07105,1,False
06,07107,1,False
06,07108,1,False
06,07110,1,False
06,07111,1,False
06,07112,1,False
06,07115,1,False
06,07116,1,False
06,07117,1,False
06,07118,1,False
06,07119,1,False
06,07301,1,False
06,07302,1,False
06,07306,1,False
06,07307,1,False
06,07308,1,False
06,07310,1,False
06,07311,1,False
06,07312,1,False
06,07313,1,False
06,07314,1,False
06,07315,1,False
06,07316,1,False
06,07317,1,False
06,07322,1,False
06,07323,1,False
06,07324,1,False
06,07325,1,False
06,07326,1,False
06,07327,1,False
06,07328,1,False
06,07329,1,False
06,07330,1,False
06,07507,1,False
06,07508,1,False
06,07509,1,False
06,07510,1,False
06,07511,1,False
06,07512,1,False
06,07513,1,False
06,07514,1,False
06,07705,1,False
06,07706,1,False
06,07707,1,False
06,07708,1,False
06,07709,1,False
06,07901,1,False
06,07902,1,False
06,08101,1,False
06,08102,1,False
06,08103,1,False
06,08104,1,False
06,08105,1,False
06,08106,1,False
06,08301,1,False
06,08302,1,False
06,08303,1,False
06,08505,1,False
06,08506,1,False
06,08507,1,False
06,08508,1,False
06,08510,1,False
06,08511,1,False
06,08512,1,False
06,08515,1,False
06,08516,1,False
06,08517,1,False
06,08518,1,False
06,08519,1,False
06,08520,1,False
06,08521,1,False
06,08522,1,False
06,08701,1,False
06,08702,1,False
06,08900,1,False
06,09501,1,False
06,09502,1,False
06,09503,1,False
06,09702,1,False
06,09704,1,False
06,09705,1,False
06,09706,1,False
06,09901,1,False
06,09902,1,False
06,09903,1,False
06,09904,1,False
06,10100,1,False
06,10701,1,False
06,10702,1,False
06,10703,1,False
06,11102,1,False
06,11103,1,False
06,11104,1,False
06,11107,1,False
06,11108,1,False
06,11109,1,False
06,11301,1,False
06,11302,1,False
08,00100,3,True
08,00200,4,True
08,00301,1,False
08,00302,1,False
08,00303,1,False
08,00401,2,True
08,00501,1,False
08,00502,1,False
08,00601,2,True
08,00701,1,False
08,00702,1,False
08,00703,1,False
08,00801,1,False
08,00901,1,False
08,00902,1,False
08,01001,1,False
08,01002,1,False
08,01003,1,False
08,01101,1,False
08,01201,1,False
08,01202,1,False
08,01301,1,False
08,01401,1,False
08,01501,1,False
08,01601,1,False
08,01602,1,False
08,01603,1,False
08,01701,1,False
08,01702,1,False
08,01703,1,False
08,01704,1,False
08,01705,1,False
08,01800,4,True
08,01900,2,True
08,02001,1,False
08,02002,1,False
08,02003,1,False
08,02004,1,False
08,02005,1,False
08,02006,1,False
08,02101,5,True
08,02200,2,True
08,02301,1,False
08,02401,3,True
08,02501,1,False
09,20100,1,False
09,20201,1,False
09,20202,1,False
09,20203,1,False
09,20204,1,False
09,20205,1,False
09,20206,1,False
09,20207,1,False
09,20301,2,True
09,20401,1,False
09,20402,1,False
09,20500,2,True
09,20601,1,False
09,20602,1,False
09,20603,1,False
09,20604,2,True
09,20701,1,False
09,20702,1,False
09,20703,1,False
09,20801,1,False
09,20802,1,False
09,20901,1,False
09,20902,1,False
09,20903,1,False
09,20904,1,False
10,00101,1,False
10,00102,1,False
10,00103,1,False
10,00104,1,False
10,00105,1,False
10,00200,1,False
10,00301,1,False
10,00302,1,False
11,00101,1,False
11,00102,1,False
11,00103,1,False
11,00104,1,False
11,00105,1,False
11,00106,1,False
12,00101,1,False
12,00102,1,False
12,00398,1,False
12,00500,1,False
12,00798,3,True
12,00901,1,False
12,00902,1,False
12,00903,1,False
12,00904,1,False
12,00905,1,False
12,01101,1,False
12,01102,1,False
12,01103,1,False
12,01104,1,False
12,01105,1,False
12,01106,1,False
12,01107,1,False
12,01108,1,False
12,01109,1,False
12,01110,1,False
12,01111,1,False
12,01112,1,False
12,01113,1,False
12,01114,1,False
12,01115,1,False
12,01116,1,False
12,01117,1,False
12,01398,2,True
12,01500,1,False
12,01700,1,False
12,01901,1,False
12,01902,1,False
12,02101,1,False
12,02102,1,False
12,02103,1,False
12,02799,3,True
12,03101,1,False
12,03102,1,False
12,03103,1,False
12,03104,1,False
12,03105,1,False
12,03106,1,False
12,03107,1,False
12,03301,1,False
12,03302,1,False
12,03303,1,False
12,03500,1,False
12,04798,1,False
12,05199,3,True
12,05300,1,False
12,05701,1,False
12,05702,1,False
12,05703,1,False
12,05704,1,False
12,05705,1,False
12,05706,1,False
12,05707,1,False
12,05708,1,False
12,05709,1,False
12,05710,1,False
12,05711,1,False
12,05998,3,True
12,06100,1,False
12,06901,1,False
12,06902,1,False
12,06903,1,False
12,07101,1,False
12,07102,1,False
12,07103,1,False
12,07104,1,False
12,07105,1,False
12,07106,1,False
12,07301,1,False
12,07302,1,False
12,08101,1,False
12,08102,1,False
12,08103,1,False
12,08301,1,False
12,08302,1,False
12,08303,1,False
12,08500,1,False
12,08601,1,False
12,08602,1,False
12,08603,1,False
12,08604,1,False
12,08605,1,False
12,08606,1,False
12,08607,1,False
12,08608,1,False
12,08609,1,False
12,08610,1,False
12,08611,1,False
12,08612,1,False
12,08613,1,False
12,08614,1,False
12,08615,1,False
12,08616,1,False
12,08617,1,False
12,08618,1,False
12,08619,1,False
12,08620,1,False
12,08621,1,False
12,08622,1,False
12,08623,1,False
12,08624,1,False
12,08625,2,True
12,09101,1,False
12,09102,1,False
12,09501,1,False
12,09502,1,False
12,09503,1,False
12,09504,1,False
12,09505,1,False
12,09506,1,False
12,09507,1,False
12,09508,1,False
12,09509,1,False
12,09510,1,False
12,09701,1,False
12,09702,1,False
12,09703,1,False
12,09901,1,False
12,09902,1,False
12,09903,1,False
12,09904,1,False
12,09905,1,False
12,09906,1,False
12,09907,1,False
12,09908,1,False
12,09909,1,False
12,09910,1,False
12,09911,1,False
12,10101,1,False
12,10102,1,False
12,10103,1,False
12,10104,1,False
12,10301,1,False
12,10302,1,False
12,10303,1,False
12,10304,1,False
12,10305,1,False
12,10306,1,False
12,10307,1,False
12,10308,1,False
12,10501,1,False
12,10502,1,False
12,10503,1,False
12,10504,1,False
12,10505,1,False
12,10799,2,True
12,10902,1,False
12,10903,1,False
12,11101,1,False
12,11102,1,False
12,11103,1,False
12,11300,1,False
12,11501,1,False
12,11502,1,False
12,11503,1,False
12,11701,1,False
12,11702,1,False
12,11703,1,False
12,11704,1,False
12,11900,1,False
12,12701,1,False
12,12702,1,False
12,12703,1,False
12,12704,1,False
13,00100,2,True
13,00200,1,False
13,00300,4,True
13,00400,2,True
13,00500,3,True
13,00601,1,False
13,00602,1,False
13,00701,1,False
13,00702,1,False
13,00801,1,False
13,00802,1,False
13,00900,1,False
13,01000,3,True
13,01100,1,False
13,01200,1,False
13,01301,1,False
13,01302,1,False
13,01303,1,False
13,01304,1,False
13,01305,1,False
13,01401,1,False
13,01402,1,False
13,01403,1,False
13,01404,1,False
13,01405,1,False
13,01406,1,False
13,01407,1,False
13,01408,1,False
13,01501,1,False
13,01502,1,False
13,01503,1,False
13,01504,1,False
13,01505,1,False
13,01506,1,False
13,01601,1,False
13,01602,1,False
13,01603,1,False
13,01604,1,False
13,01605,1,False
13,01606,1,False
13,01607,1,False
13,01700,2,True
13,01800,1,False
13,01900,2,True
13,02000,1,False
13,02100,1,False
13,02201,1,False
13,02202,1,False
13,02301,1,False
13,02302,1,False
13,02400,1,False
13,02500,1,False
13,02600,1,False
13,02700,2,True
13,02800,3,True
13,02900,4,True
13,03000,1,False
13,03100,2,True
13,03200,1,False
13,03301,1,False
13,03302,1,False
13,03400,3,True
13,03500,2,True
13,03600,2,True
13,03700,5,True
13,03800,1,False
13,03900,4,True
13,04000,1,False
13,04100,3,True
13,04200,4,True
13,04300,1,False
13,04400,5,True
13,04500,4,True
13,04600,2,True
13,04701,1,False
13,04702,1,False
13,04800,2,True
15,00100,2,True
15,00200,1,False
15,00301,1,False
15,00302,1,False
15,00303,1,False
15,00304,1,False
15,00305,1,False
15,00306,1,False
15,00307,1,False
15,00308,1,False
16,00100,4,True
16,00200,1,False
16,00300,4,True
16,00400,3,True
16,00500,1,False
16,00600,1,False
16,00701,1,False
16,00702,1,False
16,00800,1,False
16,00900,2,True
16,01000,5,True
16,01100,4,True
16,01200,1,False
16,01300,5,True
17,00100,3,True
17,00701,1,False
17,01901,1,False
17,01902,3,True
17,02900,3,True
17,03101,1,False
17,03102,1,False
17,03103,1,False
17,03104,1,False
17,03105,1,False
17,03106,1,False
17,03107,1,False
17,03108,1,False
17,03109,1,False
17,03110,1,False
17,03111,1,False
17,03112,1,False
17,03113,1,False
17,03114,1,False
17,03115,1,False
17,03116,1,False
17,03117,1,False
17,03118,1,False
17,03151,1,False
17,03152,1,False
17,03153,1,False
17,03154,1,False
17,03155,1,False
17,03156,1,False
17,03157,1,False
17,03158,1,False
17,03159,1,False
17,03160,1,False
17,03161,1,False
17,03162,1,False
17,03163,1,False
17,03164,1,False
17,03165,1,False
17,03166,1,False
17,03167,1,False
17,03168,1,False
17,03700,2,True
17,04301,1,False
17,04302,1,False
17,04303,1,False
17,04304,1,False
17,04305,1,False
17,04306,1,False
17,04307,1,False
17,04900,2,True
17,07300,4,True
17,08901,1,False
17,08902,1,False
17,08903,1,False
17,08904,1,False
17,09100,2,True
17,09300,1,False
17,09500,3,True
17,09701,1,False
17,09702,1,False
17,09703,1,False
17,09704,1,False
17,09705,1,False
17,09900,2,True
17,11101,1,False
17,11102,1,False
17,11300,1,False
17,11500,2,True
17,11700,3,True
17,11901,1,False
17,11902,1,False
17,12100,4,True
17,13500,4,True
17,14300,1,False
17,16100,1,False
17,16301,1,False
17,16302,1,False
17,16500,3,True
17,16700,1,False
17,17900,1,False
17,19500,4,True
17,19701,1,False
17,19702,1,False
17,19703,1,False
17,19704,1,False
17,19705,1,False
17,19900,3,True
17,20101,1,False
18,00101,1,False
18,00102,1,False
18,00103,1,False
18,00104,1,False
18,00200,1,False
18,00300,1,False
18,00401,1,False
18,00402,1,False
18,00501,1,False
18,00502,1,False
18,00600,4,True
18,00700,2,True
18,00800,2,True
18,00900,3,True
18,01001,1,False
18,01002,1,False
18,01003,1,False
18,01100,4,True
18,01200,1,False
18,01300,3,True
18,01400,3,True
18,01500,2,True
18,01600,3,True
18,01700,1,False
18,01801,1,False
18,01901,1,False
18,01902,1,False
18,02000,1,False
18,02100,1,False
18,02200,2,True
18,02300,1,False
18,02401,1,False
18,02402,1,False
18,02403,1,False
18,02404,1,False
18,02405,1,False
18,02406,1,False
18,02407,1,False
18,02500,1,False
18,02600,1,False
18,02700,3,True
18,02800,4,True
18,02900,1,False
18,03000,2,True
18,03100,3,True
18,03200,2,True
18,03300,2,True
18,03400,1,False
18,03500,3,True
18,03600,1,False
18,03700,1,False
19,00100,3,True
19,00200,2,True
19,00301,1,False
19,00302,1,False
19,00400,2,True
19,00500,1,False
19,00600,3,True
19,00700,2,True
19,00800,4,True
19,00900,1,False
19,01100,1,False
19,01200,3,True
19,01300,1,False
19,01400,2,True
19,01501,1,False
19,01502,1,False
19,01503,1,False
19,01600,1,False
19,01800,1,False
19,01900,3,True
19,02000,2,True
19,02100,3,True
19,02200,4,True
19,02300,3,True
20,00100,2,True
20,00200,2,True
20,00300,1,False
20,00400,1,False
20,00501,1,False
20,00601,4,True
20,00700,1,False
20,00801,1,False
20,00802,1,False
20,00803,1,False
20,00804,1,False
20,00900,1,False
20,01000,4,True
20,01101,3,True
20,01201,1,False
20,01301,1,False
20,01401,1,False
20,01501,1,False
20,01600,3,True
20,01701,4,True
20,01800,4,True
21,00100,4,True
21,00200,3,True
21,00300,2,True
21,00400,4,True
21,00500,1,False
21,00600,2,True
21,00700,2,True
21,00800,3,True
21,00900,3,True
21,01000,1,False
21,01100,2,True
21,01200,3,True
21,01300,1,False
21,01400,3,True
21,01500,1,False
21,01600,1,False
21,01701,1,False
21,01702,1,False
21,01703,1,False
21,01704,1,False
21,01705,1,False
21,01706,1,False
21,01800,2,True
21,01901,1,False
21,01902,1,False
21,01903,1,False
21,02000,3,True
21,02100,3,True
21,02200,2,True
21,02300,2,True
21,02400,1,False
21,02500,1,False
21,02600,2,True
21,02700,3,True
21,02800,2,True
22,00101,1,False
22,00102,1,False
22,00200,2,True
22,00300,4,True
22,00400,1,False
22,00500,2,True
22,00600,3,True
22,00700,2,True
22,00801,3,True
22,00901,1,False
22,01000,2,True
22,01100,1,False
22,01201,1,False
22,01202,1,False
22,01300,2,True
22,01400,1,False
22,01501,1,False
22,01502,1,False
22,01503,1,False
22,01504,1,False
22,01600,1,False
22,01700,1,False
22,01800,2,True
22,01900,1,False
22,02000,2,True
22,02100,2,True
22,02201,1,False
22,02202,1,False
22,02301,1,False
22,02302,1,False
22,02303,1,False
22,02401,1,False
22,02402,1,False
22,02403,1,False
22,02501,1,False
23,00100,2,True
23,00200,1,False
23,00300,1,False
23,00400,1,False
23,00500,1,False
23,00600,1,False
23,00700,1,False
23,00800,1,False
23,00900,1,False
23,01000,1,False
24,00101,3,True
24,00201,1,False
24,00301,1,False
24,00302,1,False
24,00400,1,False
24,00501,1,False
24,00502,1,False
24,00503,1,False
24,00504,1,False
24,00505,1,False
24,00506,1,False
24,00507,1,False
24,00601,1,False
24,00602,1,False
24,00700,1,False
24,00801,1,False
24,00802,1,False
24,00803,1,False
24,00804,1,False
24,00805,1,False
24,00901,1,False
24,00902,1,False
24,00903,1,False
24,01001,1,False
24,01002,1,False
24,01003,1,False
24,01004,1,False
24,01005,1,False
24,01006,1,False
24,01007,1,False
24,01008,1,False
24,01101,1,False
24,01102,1,False
24,01103,1,False
24,01104,1,False
24,01105,1,False
24,01106,1,False
24,01107,1,False
24,01201,1,False
24,01202,1,False
24,01203,1,False
24,01204,1,False
24,01205,1,False
24,01300,4,True
24,01400,2,True
24,01501,1,False
24,01601,1,False
24,01700,1,False
25,00100,1,False
25,00201,2,True
25,00301,1,False
25,00401,1,False
25,00402,1,False
25,00403,1,False
25,00501,1,False
25,00502,1,False
25,00503,1,False
25,00504,1,False
25,00505,1,False
25,00506,1,False
25,00507,1,False
25,00601,1,False
25,00602,1,False
25,00603,1,False
25,00604,1,False
25,00605,1,False
25,00606,1,False
25,00607,1,False
25,00608,1,False
25,00609,1,False
25,00610,1,False
25,00611,1,False
25,00612,1,False
25,00613,1,False
25,00701,1,False
25,00702,1,False
25,00703,1,False
25,00704,1,False
25,00705,1,False
25,00706,1,False
25,00801,1,False
25,00802,1,False
25,00803,1,False
25,00804,1,False
25,00805,1,False
25,00806,1,False
25,00901,1,False
25,00902,1,False
25,00903,1,False
25,00904,1,False
25,00905,1,False
25,00906,1,False
25,01001,1,False
25,01002,1,False
25,01003,1,False
25,01004,1,False
25,01101,1,False
25,01102,1,False
25,01103,1,False
25,01104,1,False
25,01201,1,False
25,01301,3,True
26,00100,4,True
26,00200,4,True
26,00300,2,True
26,00400,4,True
26,00500,2,True
26,00600,2,True
26,00700,1,False
26,00801,1,False
26,00802,1,False
26,00900,1,False
26,01001,1,False
26,01002,1,False
26,01003,1,False
26,01004,1,False
26,01100,3,True
26,01200,3,True
26,01300,1,False
26,01400,2,True
26,01500,1,False
26,01600,1,False
26,01701,2,True
26,01702,1,False
26,01703,1,False
26,01704,2,True
26,01801,1,False
26,01802,1,False
26,01900,1,False
26,02000,2,True
26,02101,1,False
26,02102,1,False
26,02200,2,True
26,02300,2,True
26,02400,1,False
26,02500,2,True
26,02600,1,False
26,02701,1,False
26,02702,1,False
26,02703,1,False
26,02800,1,False
26,02901,1,False
26,02902,1,False
26,02903,1,False
26,02904,1,False
26,02905,1,False
26,02906,1,False
26,02907,1,False
26,02908,1,False
26,03001,1,False
26,03002,1,False
26,03003,1,False
26,03004,1,False
26,03005,1,False
26,03006,1,False
26,03100,1,False
26,03201,1,False
26,03202,1,False
26,03203,1,False
26,03204,1,False
26,03205,1,False
26,03206,1,False
26,03207,1,False
26,03208,1,False
26,03209,1,False
26,03210,1,False
26,03211,1,False
26,03212,1,False
26,03213,1,False
26,03300,1,False
27,00101,4,True
27,00201,4,True
27,00301,2,True
27,00401,1,False
27,00501,2,True
27,00600,2,True
27,00700,3,True
27,00800,2,True
27,00901,1,False
27,01001,2,True
27,01101,1,False
27,01200,1,False
27,01301,1,False
27,01302,1,False
27,01303,1,False
27,01401,1,False
27,01402,1,False
27,01501,1,False
27,01502,1,False
27,01503,1,False
27,01504,1,False
27,01505,1,False
27,01601,1,False
27,01602,1,False
27,01603,1,False
27,01604,1,False
27,01605,1,False
27,01606,1,False
27,01607,1,False
27,01608,1,False
27,01609,1,False
27,01610,1,False
27,01611,1,False
27,01701,1,False
27,01702,1,False
27,01703,1,False
27,01704,1,False
27,01800,1,False
27,01900,1,False
27,02001,1,False
27,02100,3,True
27,02200,4,True
27,02300,4,True
27,02400,1,False
27,02500,4,True
27,02600,3,True
27,02700,1,False
27,02800,3,True
28,00100,1,False
28,00200,4,True
28,00300,3,True
28,00400,3,True
28,00500,2,True
28,00600,3,True
28,00700,5,True
28,00800,3,True
28,00900,1,False
28,01001,2,True
28,01101,1,False
28,01300,1,False
28,01400,3,True
28,01500,2,True
28,01600,4,True
28,01700,2,True
28,01800,2,True
28,01900,3,True
28,02001,1,False
28,02002,1,False
28,02100,1,False
29,00100,3,True
29,00200,1,False
29,00300,4,True
29,00400,3,True
29,00501,2,True
29,00601,1,False
29,00700,5,True
29,00800,2,True
29,00901,1,False
29,00902,1,False
29,01000,1,False
29,01101,1,False
29,01102,1,False
29,01103,1,False
29,01104,1,False
29,01105,1,False
29,01200,1,False
29,01300,1,False
29,01400,3,True
29,01500,2,True
29,01600,4,True
29,01700,2,True
29,01801,1,False
29,01802,1,False
29,01803,1,False
29,01901,1,False
29,01902,1,False
29,01903,1,False
29,01904,1,False
29,01905,1,False
29,01906,1,False
29,01907,1,False
29,01908,1,False
29,02001,1,False
29,02002,1,False
29,02101,1,False
29,02102,1,False
29,02200,2,True
29,02300,2,True
29,02400,4,True
29,02500,2,True
29,02600,2,True
29,02701,1,False
29,02702,1,False
29,02703,1,False
29,02800,2,True
29,02900,1,False
30,00100,2,True
30,00200,2,True
30,00300,2,True
30,00400,1,False
30,00500,2,True
30,00600,3,True
30,00700,2,True
30,00800,1,False
31,00100,2,True
31,00200,4,True
31,00300,2,True
31,00400,3,True
31,00500,3,True
31,00600,3,True
31,00701,2,True
31,00702,1,False
31,00801,1,False
31,00802,1,False
31,00901,1,False
31,00902,1,False
31,00903,1,False
31,00904,1,False
32,00101,1,False
32,00102,1,False
32,00103,1,False
32,00200,5,True
32,00300,3,True
32,00401,1,False
32,00402,1,False
32,00403,1,False
32,00404,1,False
32,00405,1,False
32,00406,1,False
32,00407,1,False
32,00408,1,False
32,00409,1,False
32,00410,1,False
32,00411,1,False
32,00412,1,False
32,00413,1,False
32,00414,1,False
32,00415,1,False
33,00100,2,True
33,00201,3,True
33,00301,1,False
33,00401,1,False
33,00501,2,True
33,00601,1,False
33,00602,1,False
33,00603,1,False
33,00701,3,True
33,00801,1,False
34,00101,1,False
34,00102,1,False
34,00301,1,False
34,00302,1,False
34,00303,1,False
34,00304,1,False
34,00305,1,False
34,00306,1,False
34,00307,1,False
34,00308,1,False
34,00501,1,False
34,00502,1,False
34,00503,1,False
34,00504,1,False
34,00601,1,False
34,00602,1,False
34,00603,1,False
34,00604,1,False
34,00605,1,False
34,00800,1,False
34,00901,1,False
34,00902,1,False
34,00903,1,False
34,00904,1,False
34,00905,1,False
34,00906,1,False
34,00907,1,False
34,01001,1,False
34,01002,1,False
34,01003,1,False
34,01101,1,False
34,01102,1,False
34,01103,1,False
34,01104,1,False
34,01105,1,False
34,01106,1,False
34,01201,1,False
34,01202,1,False
34,01203,1,False
34,01204,1,False
34,01205,1,False
34,01401,1,False
34,01402,1,False
34,01403,1,False
34,01404,1,False
34,01405,1,False
34,01406,1,False
34,01407,1,False
34,01501,1,False
34,01502,1,False
34,01503,1,False
34,01504,1,False
34,01600,1,False
34,01700,1,False
34,01901,1,False
34,01902,1,False
34,01903,1,False
34,01904,1,False
34,01905,1,False
34,02001,1,False
34,02002,1,False
34,02003,1,False
34,02101,1,False
34,02102,1,False
34,02103,1,False
34,02104,1,False
34,02201,1,False
34,02202,1,False
34,02301,1,False
34,02302,1,False
34,02303,1,False
34,02401,1,False
34,02501,2,True
34,02601,1,False
35,00100,3,True
35,00200,1,False
35,00300,4,True
35,00400,3,True
35,00500,2,True
35,00600,1,False
35,00701,1,False
35,00702,1,False
35,00703,1,False
35,00704,1,False
35,00705,1,False
35,00706,1,False
35,00800,2,True
35,00900,5,True
35,01001,1,False
35,01002,1,False
35,01100,2,True
36,00100,1,False
36,00200,2,True
36,00300,1,False
36,00401,1,False
36,00402,1,False
36,00403,3,True
36,00500,2,True
36,00600,1,False
36,00701,1,False
36,00702,1,False
36,00703,1,False
36,00704,2,True
36,00800,3,True
36,00901,1,False
36,00902,1,False
36,00903,1,False
36,00904,1,False
36,00905,1,False
36,00906,1,False
36,01000,3,True
36,01101,1,False
36,01102,1,False
36,01201,1,False
36,01202,1,False
36,01203,1,False
36,01204,1,False
36,01205,1,False
36,01206,1,False
36,01207,1,False
36,01300,1,False
36,01500,2,True
36,01600,2,True
36,01700,1,False
36,01801,1,False
36,01802,1,False
36,01900,1,False
36,02001,1,False
36,02002,1,False
36,02100,2,True
36,02201,1,False
36,02204,2,True
36,02300,1,False
36,02403,3,True
36,02404,4,True
36,02500,2,True
36,02600,1,False
36,02701,2,True
36,02702,1,False
36,02803,1,False
36,02804,1,False
36,02805,2,True
36,02901,1,False
36,02902,1,False
36,02903,1,False
36,03001,1,False
36,03002,1,False
36,03003,1,False
36,03102,1,False
36,03103,1,False
36,03110,1,False
36,03111,1,False
36,03112,1,False
36,03113,1,False
36,03114,1,False
36,03201,1,False
36,03202,1,False
36,03203,1,False
36,03204,1,False
36,03205,1,False
36,03206,1,False
36,03207,1,False
36,03208,1,False
36,03209,1,False
36,03210,1,False
36,03211,1,False
36,03212,1,False
36,03301,1,False
36,03302,1,False
36,03303,1,False
36,03304,1,False
36,03305,1,False
36,03306,1,False
36,03307,1,False
36,03308,1,False
36,03309,1,False
36,03310,1,False
36,03311,1,False
36,03312,1,False
36,03313,1,False
36,04103,1,False
36,04104,1,False
36,04107,1,False
36,04108,1,False
36,04109,1,False
36,04110,1,False
36,04111,1,False
36,04112,1,False
36,04121,1,False
36,04165,1,False
36,04204,1,False
36,04205,1,False
36,04207,1,False
36,04208,1,False
36,04209,1,False
36,04210,1,False
36,04211,1,False
36,04212,1,False
36,04221,1,False
36,04263,1,False
36,04301,1,False
36,04302,1,False
36,04303,1,False
36,04304,1,False
36,04305,1,False
36,04306,1,False
36,04307,1,False
36,04308,1,False
36,04309,1,False
36,04310,1,False
36,04311,1,False
36,04312,1,False
36,04313,1,False
36,04314,1,False
36,04315,1,False
36,04316,1,False
36,04317,1,False
36,04318,1,False
36,04401,1,False
36,04402,1,False
36,04403,1,False
36,04404,1,False
36,04405,1,False
36,04406,1,False
36,04407,1,False
36,04408,1,False
36,04409,1,False
36,04410,1,False
36,04411,1,False
36,04412,1,False
36,04413,1,False
36,04414,1,False
36,04501,1,False
36,04502,1,False
36,04503,1,False
37,00100,2,True
37,00200,3,True
37,00300,2,True
37,00400,2,True
37,00500,2,True
37,00600,2,True
37,00700,3,True
37,00800,4,True
37,00900,1,False
37,01001,3,True
37,01101,1,False
37,01201,1,False
37,01202,1,False
37,01203,1,False
37,01204,1,False
37,01205,1,False
37,01206,1,False
37,01207,1,False
37,01208,1,False
37,01301,1,False
37,01302,1,False
37,01400,1,False
37,01500,2,True
37,01600,1,False
37,01701,1,False
37,01702,1,False
37,01703,1,False
37,01704,1,False
37,01801,1,False
37,01802,1,False
37,01803,1,False
37,01900,2,True
37,02000,1,False
37,02100,2,True
37,02201,1,False
37,02202,1,False
37,02300,3,True
37,02400,1,False
37,02500,2,True
37,02600,3,True
37,02700,2,True
37,02800,1,False
37,02900,1,False
37,03001,1,False
37,03002,1,False
37,03101,1,False
37,03102,1,False
37,03103,1,False
37,03104,1,False
37,03105,1,False
37,03106,1,False
37,03107,1,False
37,03108,1,False
37,03200,1,False
37,03300,2,True
37,03400,1,False
37,03500,1,False
37,03600,1,False
37,03700,2,True
37,03800,1,False
37,03900,1,False
37,04000,1,False
37,04101,3,True
37,04200,1,False
37,04300,2,True
37,04501,1,False
37,04601,1,False
37,04701,1,False
37,04800,1,False
37,04900,2,True
37,05001,1,False
37,05002,1,False
37,05003,1,False
37,05200,3,True
37,05301,1,False
37,05401,1,False
38,00100,3,True
38,00200,3,True
38,00300,1,False
38,00400,3,True
38,00500,2,True
38,00600,1,False
39,00100,4,True
39,00200,2,True
39,00301,1,False
39,00302,1,False
39,00303,1,False
39,00401,3,True
39,00500,2,True
39,00601,1,False
39,00602,1,False
39,00701,1,False
39,00702,1,False
39,00703,1,False
39,00704,1,False
39,00705,1,False
39,00706,1,False
39,00707,1,False
39,00708,1,False
39,00709,1,False
39,00710,1,False
39,00801,1,False
39,00802,1,False
39,00900,1,False
39,01001,1,False
39,01002,1,False
39,01003,1,False
39,01100,1,False
39,01201,1,False
39,01202,1,False
39,01203,1,False
39,01204,1,False
39,01300,1,False
39,01400,1,False
39,01500,3,True
39,01600,1,False
39,01700,3,True
39,01800,1,False
39,01900,2,True
39,02000,1,False
39,02100,3,True
39,02200,3,True
39,02300,1,False
39,02400,1,False
39,02500,1,False
39,02600,3,True
39,02701,1,False
39,02702,1,False
39,02703,1,False
39,02800,2,True
39,02900,2,True
39,03000,3,True
39,03100,3,True
39,03200,1,False
39,03301,1,False
39,03302,1,False
39,03401,1,False
39,03402,1,False
39,03403,1,False
39,03404,1,False
39,03405,1,False
39,03406,1,False
39,03407,1,False
39,03408,1,False
39,03409,1,False
39,03410,1,False
39,03411,1,False
39,03500,1,False
39,03600,1,False
39,03701,1,False
39,03702,1,False
39,03703,1,False
39,03704,1,False
39,03801,1,False
39,03802,1,False
39,03803,1,False
39,03901,1,False
39,03902,1,False
39,04000,3,True
39,04100,3,True
39,04200,3,True
39,04300,3,True
39,04400,2,True
39,04501,1,False
39,04602,1,False
39,04701,1,False
39,04702,1,False
39,04703,1,False
39,04704,1,False
39,04705,1,False
39,04706,1,False
39,04707,1,False
40,20100,3,True
40,20200,3,True
40,20300,2,True
40,20400,2,True
40,20500,2,True
40,20600,3,True
40,20700,2,True
40,20801,1,False
40,20802,1,False
40,20803,1,False
40,20804,1,False
40,20805,1,False
40,20900,1,False
40,21000,2,True
40,21100,2,True
40,21200,2,True
40,21301,1,False
40,21302,1,False
40,21401,1,False
40,21402,1,False
40,21403,1,False
40,21404,1,False
40,21405,1,False
40,21406,1,False
40,21500,1,False
40,21600,4,True
40,21700,1,False
40,21800,2,True
40,21900,3,True
40,22000,3,True
40,22100,1,False
41,00301,2,True
41,00501,1,False
41,00502,1,False
41,00503,1,False
41,00504,1,False
41,01701,1,False
41,01702,1,False
41,01900,1,False
41,02901,1,False
41,02902,1,False
41,03903,1,False
41,03904,1,False
41,03905,1,False
41,04301,1,False
41,04703,1,False
41,04704,1,False
41,04705,1,False
41,05101,1,False
41,05102,1,False
41,05103,1,False
41,05105,1,False
41,05114,1,False
41,05116,1,False
41,05901,4,True
41,06501,4,True
41,06720,1,False
41,06721,1,False
41,06722,1,False
41,06723,1,False
41,06724,1,False
41,07100,1,False
41,09000,3,True
41,09100,3,True
41,09200,3,True
41,09300,2,True
42,00111,1,False
42,00112,1,False
42,00200,2,True
42,00300,4,True
42,00400,2,True
42,00500,2,True
42,00600,1,False
42,00701,1,False
42,00702,1,False
42,00801,1,False
42,00802,1,False
42,00803,2,True
42,00900,2,True
42,01000,1,False
42,01100,4,True
42,01200,1,False
42,01300,2,True
42,01400,1,False
42,01511,1,False
42,01512,1,False
42,01600,1,False
42,01701,1,False
42,01702,1,False
42,01801,1,False
42,01802,1,False
42,01803,1,False
42,01804,1,False
42,01805,1,False
42,01806,1,False
42,01807,1,False
42,01900,2,True
42,02011,1,False
42,02012,1,False
42,02013,1,False
42,02100,1,False
42,02200,2,True
42,02301,1,False
42,02302,1,False
42,02401,1,False
42,02402,1,False
42,02500,1,False
42,02600,1,False
42,02701,1,False
42,02702,1,False
42,02703,1,False
42,02801,1,False
42,02802,1,False
42,02803,1,False
42,02901,1,False
42,02902,1,False
42,03011,1,False
42,03012,1,False
42,03013,1,False
42,03014,1,False
42,03015,1,False
42,03111,1,False
42,03112,1,False
42,03113,1,False
42,03114,1,False
42,03115,1,False
42,03116,1,False
42,03117,1,False
42,03216,1,False
42,03221,1,False
42,03222,1,False
42,03223,1,False
42,03224,1,False
42,03225,1,False
42,03227,1,False
42,03228,1,False
42,03229,1,False
42,03230,1,False
42,03231,1,False
42,03311,1,False
42,03312,1,False
42,03313,1,False
42,03314,1,False
42,03411,1,False
42,03412,1,False
42,03413,1,False
42,03414,1,False
42,03415,1,False
42,03501,1,False
42,03502,1,False
42,03503,1,False
42,03504,1,False
42,03601,1,False
42,03602,1,False
42,03603,1,False
42,03701,2,True
42,03702,1,False
42,03800,2,True
42,03900,1,False
42,04011,1,False
42,04012,2,True
44,00103,1,False
44,00105,1,False
44,00106,1,False
44,00107,1,False
44,00200,1,False
44,00300,1,False
44,00400,1,False
45,00101,2,True
45,00201,1,False
45,00301,1,False
45,00302,1,False
45,00303,1,False
45,00304,1,False
45,00305,1,False
45,00401,1,False
45,00402,1,False
45,00403,1,False
45,00501,2,True
45,00601,1,False
45,00602,1,False
45,00700,2,True
45,00800,3,True
45,00901,1,False
45,01001,2,True
45,01100,4,True
45,01200,1,False
45,01301,1,False
45,01302,1,False
45,01401,1,False
45,01402,1,False
45,01403,1,False
45,01501,1,False
45,01600,2,True
45,01700,2,True
45,01800,3,True
45,01901,2,True
45,02001,1,False
45,02100,1,False
45,02201,1,False
45,02202,1,False
45,02301,1,False
45,02302,1,False
45,02303,1,False
45,02400,2,True
45,02500,1,False
45,02601,2,True
45,02701,1,False
45,02702,1,False
46,00100,3,True
46,00200,2,True
46,00300,3,True
46,00400,4,True
46,00501,4,True
46,00601,1,False
47,00100,4,True
47,00200,3,True
47,00301,1,False
47,00302,1,False
47,00401,1,False
47,00501,1,False
47,00600,3,True
47,00700,2,True
47,00800,2,True
47,00900,2,True
47,01000,1,False
47,01101,2,True
47,01201,1,False
47,01300,2,True
47,01400,2,True
47,01501,1,False
47,01502,1,False
47,01503,1,False
47,01504,1,False
47,01600,1,False
47,01700,1,False
47,01800,3,True
47,01900,1,False
47,02001,1,False
47,02002,1,False
47,02003,1,False
47,02101,1,False
47,02102,1,False
47,02200,1,False
47,02300,1,False
47,02401,1,False
47,02402,1,False
47,02403,1,False
47,02404,1,False
47,02405,1,False
47,02406,1,False
47,02501,1,False
47,02502,1,False
47,02503,1,False
47,02504,1,False
47,02505,1,False
47,02506,1,False
47,02507,1,False
47,02508,1,False
47,02600,1,False
47,02700,2,True
47,02800,1,False
47,02900,1,False
47,03000,2,True
47,03100,3,True
47,03200,2,True
47,03300,3,True
47,03401,1,False
47,03402,1,False
47,03403,1,False
47,03500,2,True
47,03600,1,False
47,03700,2,True
48,00100,6,True
48,00200,1,False
48,00300,1,False
48,00400,3,True
48,00501,1,False
48,00502,1,False
48,00600,4,True
48,00700,1,False
48,00800,3,True
48,00900,1,False
48,01000,4,True
48,01100,2,True
48,01200,2,True
48,01300,2,True
48,01400,1,False
48,01501,1,False
48,01502,1,False
48,01600,1,False
48,01700,3,True
48,01800,2,True
48,01901,1,False
48,01902,1,False
48,01903,1,False
48,01904,1,False
48,01905,1,False
48,01907,1,False
48,01908,1,False
48,01909,1,False
48,02001,1,False
48,02002,1,False
48,02003,1,False
48,02004,1,False
48,02005,1,False
48,02006,1,False
48,02101,1,False
48,02102,1,False
48,02200,4,True
48,02301,1,False
48,02302,1,False
48,02303,1,False
48,02304,1,False
48,02305,1,False
48,02306,1,False
48,02307,1,False
48,02308,1,False
48,02309,1,False
48,02310,1,False
48,02311,1,False
48,02312,1,False
48,02313,1,False
48,02314,1,False
48,02315,1,False
48,02316,1,False
48,02317,1,False
48,02318,1,False
48,02319,1,False
48,02320,1,False
48,02321,1,False
48,02322,1,False
48,02400,1,False
48,02501,1,False
48,02502,1,False
48,02503,1,False
48,02504,1,False
48,02505,1,False
48,02506,1,False
48,02507,1,False
48,02508,1,False
48,02509,1,False
48,02510,1,False
48,02511,1,False
48,02512,1,False
48,02513,1,False
48,02514,1,False
48,02515,1,False
48,02516,1,False
48,02600,5,True
48,02700,1,False
48,02900,1,False
48,03000,1,False
48,03100,1,False
48,03305,1,False
48,03306,1,False
48,03307,1,False
48,03308,1,False
48,03309,1,False
48,03310,1,False
48,03400,2,True
48,03501,1,False
48,03502,1,False
48,03600,3,True
48,03700,3,True
48,03801,1,False
48,03802,1,False
48,03900,3,True
48,04000,2,True
48,04100,1,False
48,04200,1,False
48,04301,1,False
48,04302,1,False
48,04400,1,False
48,04501,1,False
48,04502,1,False
48,04503,1,False
48,04504,1,False
48,04601,1,False
48,04602,1,False
48,04603,1,False
48,04604,1,False
48,04605,1,False
48,04606,1,False
48,04607,1,False
48,04608,1,False
48,04609,1,False
48,04610,1,False
48,04611,1,False
48,04612,1,False
48,04613,1,False
48,04614,1,False
48,04615,1,False
48,04616,1,False
48,04617,1,False
48,04618,1,False
48,04619,1,False
48,04620,1,False
48,04621,1,False
48,04622,1,False
48,04623,1,False
48,04624,1,False
48,04625,1,False
48,04626,1,False
48,04627,1,False
48,04628,1,False
48,04629,1,False
48,04630,1,False
48,04631,1,False
48,04633,1,False
48,04634,1,False
48,04635,1,False
48,04636,1,False
48,04637,1,False
48,04638,1,False
48,04639,1,False
48,04640,1,False
48,04701,1,False
48,04702,1,False
48,04801,1,False
48,04802,1,False
48,04803,1,False
48,04901,1,False
48,04902,1,False
48,04903,1,False
48,04904,1,False
48,04906,1,False
48,04907,1,False
48,05000,4,True
48,05100,2,True
48,05201,1,False
48,05202,1,False
48,05203,1,False
48,05204,1,False
48,05301,1,False
48,05302,1,False
48,05303,1,False
48,05304,1,False
48,05305,1,False
48,05306,1,False
48,05307,1,False
48,05308,1,False
48,05309,1,False
48,05401,1,False
48,05402,1,False
48,05500,3,True
48,05600,2,True
48,05700,1,False
48,05800,1,False
48,05901,1,False
48,05902,1,False
48,05903,1,False
48,05904,1,False
48,05905,1,False
48,05906,1,False
48,05907,1,False
48,05908,1,False
48,05909,1,False
48,05910,1,False
48,05911,1,False
48,05912,1,False
48,05913,1,False
48,05914,1,False
48,05915,1,False
48,05916,1,False
48,06000,4,True
48,06100,2,True
48,06301,1,False
48,06302,1,False
48,06500,3,True
48,06601,1,False
48,06603,1,False
48,06604,1,False
48,06701,1,False
48,06702,1,False
48,06703,1,False
48,06801,1,False
48,06802,1,False
48,06803,1,False
48,06804,1,False
48,06805,1,False
48,06806,1,False
48,06807,1,False
48,07200,4,True
48,07300,4,True
48,07401,1,False
48,07402,1,False
48,07500,4,True
48,07600,3,True
48,07700,4,True
49,03000,2,True
49,05000,4,True
49,11002,1,False
49,11003,1,False
49,11004,1,False
49,13000,4,True
49,21000,3,True
49,35008,1,False
49,35009,1,False
49,35011,1,False
49,35012,1,False
49,35013,1,False
49,35014,1,False
49,35015,1,False
49,35016,1,False
49,35017,1,False
49,49001,1,False
49,49002,1,False
49,49003,1,False
49,49004,1,False
49,53000,1,False
49,57001,1,False
49,57002,1,False
50,00100,2,True
50,00200,3,True
50,00300,1,False
50,00400,4,True
51,01301,1,False
51,01302,1,False
51,01500,2,True
51,01900,1,False
51,04101,1,False
51,04102,1,False
51,04103,1,False
51,05901,1,False
51,05902,1,False
51,05904,1,False
51,05905,1,False
51,05906,1,False
51,05907,1,False
51,05908,1,False
51,06100,3,True
51,06900,2,True
51,07300,3,True
51,08300,2,True
51,08501,1,False
51,08701,1,False
51,08702,1,False
51,09500,1,False
51,10701,1,False
51,10702,1,False
51,10703,1,False
51,10901,2,True
51,12100,1,False
51,14300,3,True
51,14501,1,False
51,14900,3,True
51,15301,1,False
51,15302,1,False
51,15303,1,False
51,16101,2,True
51,16500,1,False
51,17100,2,True
51,17700,2,True
51,17900,1,False
51,18500,3,True
51,19100,2,True
51,51000,1,False
51,54001,1,False
51,55001,1,False
51,55002,1,False
51,60001,1,False
51,61001,1,False
51,65000,1,False
51,68000,1,False
51,68701,1,False
51,70000,1,False
51,71001,1,False
51,71002,1,False
51,74001,1,False
51,76001,1,False
51,76002,1,False
51,77001,1,False
51,80000,2,True
51,81001,1,False
51,81002,1,False
51,81003,1,False
53,20501,2,True
53,20502,1,False
53,20503,1,False
53,20700,1,False
53,20900,2,True
53,21101,1,False
53,21102,1,False
53,21103,1,False
53,21104,1,False
53,21500,2,True
53,22500,2,True
53,22700,2,True
53,22900,2,True
53,23301,1,False
53,23302,1,False
53,23303,1,False
53,23304,1,False
53,23305,1,False
53,23306,1,False
53,23307,1,False
53,23308,1,False
53,23309,1,False
53,23310,1,False
53,23311,1,False
53,23312,1,False
53,23313,1,False
53,23314,1,False
53,23315,1,False
53,23316,1,False
53,23317,1,False
53,23318,1,False
53,23501,1,False
53,23502,1,False
53,24100,3,True
53,25301,1,False
53,25302,1,False
53,25303,1,False
53,25304,1,False
53,25305,1,False
53,25306,1,False
53,25307,1,False
53,25308,1,False
53,25701,1,False
53,26101,1,False
53,26102,1,False
53,26103,1,False
53,26104,1,False
53,26105,1,False
53,26106,1,False
53,26301,1,False
53,26302,1,False
53,26303,1,False
53,26304,1,False
53,26500,2,True
53,26701,1,False
53,26702,1,False
53,27301,1,False
53,27302,1,False
53,27500,4,True
53,27701,1,False
53,27702,1,False
54,00100,2,True
54,00200,3,True
54,00300,2,True
54,00400,2,True
54,00500,4,True
54,00600,3,True
54,00700,2,True
54,00800,2,True
54,00900,1,False
54,01000,1,False
54,01100,2,True
54,01200,3,True
55,00100,2,True
55,00200,1,False
55,00300,4,True
55,00400,1,False
55,00501,1,False
55,00502,1,False
55,00600,3,True
55,00700,1,False
55,00800,2,True
55,00900,1,False
55,01000,1,False
55,01100,3,True
55,01200,1,False
55,01300,3,True
55,01400,1,False
55,01500,2,True
55,01600,2,True
55,01700,1,False
55,01800,3,True
55,01900,3,True
55,02000,2,True
55,02101,1,False
55,02102,1,False
55,02103,1,False
55,02104,1,False
55,02105,1,False
55,02200,1,False
55,02300,2,True
55,02400,1,False
55,02501,1,False
55,02502,1,False
55,02503,1,False
55,02600,1,False
55,02801,1,False
55,02802,1,False
55,02803,1,False
55,02804,1,False
55,02805,1,False
55,02806,1,False
55,02807,1,False
55,02808,1,False
55,02900,1,False
55,03000,1,False
56,00100,4,True
56,00200,2,True
56,00300,1,False
56,00400,3,True
56,00500,4,True
