cbsa,alpha,beta,n_fit_points,fallback,val_p90_rel_err
10180,0.41752564224894007,-0.5759918412406615,64,False,0.5246318670997339
10420,0.3218612286272957,-0.542438802912266,87,False,0.6599797008279109
10500,0.3135075901071907,-0.5799135749842093,63,False,0.29083985774058657
10540,0.4216266164855232,-0.5886861792406489,58,False,0.6391741232218744
10580,0.3466572854745284,-0.5421283228518484,95,False,0.3166529481031685
10740,0.4058066559870129,-0.5457599116682098,89,False,0.382758425967179
10780,0.41974394954916977,-0.6119910531722225,61,False,0.6366263425927162
10900,0.3489489660146898,-0.541539373445013,86,False,0.48276259690664014
11020,0.3628882475454376,-0.5842830282665107,55,False,0.29011681068977846
11100,0.41740475818943235,-0.5655264535202283,72,False,0.44984898394049444
11180,0.547761175457495,-0.607532155983507,54,False,0.21600576109351122
11200,0.37548673810104627,-0.5590679832329232,72,False,0.5016115314124435
11260,0.3521284260021525,-0.5504585781090715,76,False,0.3700200143656872
11460,0.41761840113287846,-0.5640589648972966,89,False,0.3655644743677415
11500,0.5623193496152491,-0.6146267988512647,46,False,0.5170577997184894
11540,0.3451200489878768,-0.5593293995889113,62,False,0.3804122113083126
11700,0.5513927046320238,-0.5816748329432442,75,False,0.40766574489884083
12020,0.37514927798734615,-0.5627788750639195,71,False,0.29587424698607145
12060,0.5662350435092977,-0.5526511181942602,111,False,0.4737663090153554
12100,0.43511689266418857,-0.56106396941955,83,False,0.27229559692171973
12220,0.29329789913580107,-0.5749261928897409,65,False,0.5153284985847608
12260,0.42269581676672907,-0.562187846805464,84,False,0.30696903455047664
12420,0.4484311156360627,-0.5461860585334591,108,False,0.4672478216844158
12540,0.4422742719337178,-0.558572519836862,88,False,0.3025584486971154
12580,0.40987170504449283,-0.5466107324456428,108,False,0.2822839456519377
12620,0.43322130859828073,-0.5663124732983137,58,False,0.3633260188351993
12700,0.3270801225734772,-0.5689219279416968,69,False,0.41960029605732974
12940,0.4431421053118693,-0.5525044264353719,90,False,0.358315960434935
12980,0.30873169110360266,-0.5985291023502515,55,False,0.5293218737627197
13020,0.22602641679368973,-0.6017245155657964,52,False,0.3392896171818919
13140,0.5036626985597337,-0.5846440542998654,79,False,0.42443066067564594
13220,0.6770154164079762,-0.6436510544024042,44,False,0.3857386697100237
13380,0.29778432303163277,-0.5449573176276528,75,False,0.4410663612761143
13460,0.40482334928596564,-0.5657255340289785,71,False,0.3485324428243105
13740,0.31225532975648507,-0.5512325381278913,56,False,0.4249667356668937
13780,0.1349501523070962,-0.5257816981642697,77,False,0.3651891148295156
13820,0.4053879491216214,-0.5524770335482129,94,False,0.3527175345105719
13900,0.5926673499633259,-0.6267824571225116,51,False,0.270573431098536
13980,0.3732967422024662,-0.5628710976184413,62,False,0.5154932822858757
14010,0.5085009048582911,-0.5918819823435999,73,False,0.9750248853230946
14020,0.3347424145717296,-0.5676745158007338,68,False,0.24800461722850858
14260,0.48389579089990264,-0.5639309150902817,84,False,0.2987588766262939
14460,0.46665973699595814,-0.5478863089253849,112,False,0.44402651508716273
14500,0.2984901357294236,-0.559339049061583,84,False,0.31754763799448776
14540,0.4610504800299648,-0.6040994536044417,60,False,0.5326976356120912
14580,0.6320893041451834,-0.6334045734772688,58,False,0.34068330152909004
14740,0.4493145041346791,-0.56923761944321,77,False,0.5582093420678583
14860,0.44663667810312146,-0.5516569144516928,101,False,0.38723933007846245
15180,0.5850738311167332,-0.5952137918629791,71,False,0.4167165675900979
15260,0.2585928694137167,-0.6148567804880226,52,False,0.3759278902697251
15380,0.3811461680117982,-0.5451762768689465,97,False,0.3328370889782393
15500,0.40996978921008026,-0.5647489791498272,69,False,0.6162605917644822
15540,0.6970566887187963,-0.6484001760899355,66,False,0.44186285764814776
15940,0.5450855176773494,-0.5924305467827676,70,False,0.24781219393140355
15980,0.3819956833473874,-0.5465488341841903,91,False,0.18882998278437582
16020,0.3115446195204264,-0.6028512895387377,47,False,0.47776972322757794
16180,-0.16334973060831623,-0.5832338736294211,45,False,0.4466315715122729
16220,0.41634455721944924,-0.6782406067893528,50,False,0.36691447055751886
16300,0.46135110251890654,-0.5837845256258262,64,False,0.3308177075368556
16540,0.5761903547520673,-0.6140758939634594,52,False,0.37409805359779585
16580,0.47774803041985847,-0.5840557730173424,78,False,0.5084304594470495
16620,0.5013430137304523,-0.5956520239413796,64,False,0.2902314744091463
16700,0.43854053699670476,-0.5505099509915142,95,False,0.5655504957585278
16740,0.5227938717684952,-0.5655357873282325,107,False,0.29122854188115366
16820,0.3181094933319303,-0.5641095843970887,75,False,0.3535150382995867
16860,0.48614579917024975,-0.569704300073549,85,False,0.5666422939503503
16940,0.44062421071523283,-0.6002241954974469,56,False,0.7716483924211692
16980,0.5431556617665679,-0.5536890244304449,113,False,0.39016651092945254
17020,0.4122372666476487,-0.5709710888440981,75,False,0.43309181942920866
17140,0.37548091404026523,-0.5436567956707604,101,False,0.302980132613276
17300,0.4030827524879876,-0.5683380514741553,67,False,0.547123750910119
17410,0.4110853883236458,-0.5458078022020906,105,False,0.3011138515646513
17420,0.48275725593570035,-0.6021889989058026,50,False,0.4547121736462862
17660,0.5597538960556001,-0.6099531989961938,51,False,0.3582544486317368
17780,0.3599822878593159,-0.5700781076034142,78,False,0.2471998237568744
17820,0.38887540406604065,-0.5442290534370771,93,False,0.5140718311279742
17860,0.4012708076543747,-0.5867613902006623,70,False,0.6123193216587705
17900,0.44261920043637876,-0.5559037706130677,91,False,0.26093213942286614
17980,0.34178186227324786,-0.5647968582676434,77,False,0.18373695026301573
18020,0.11513697741500631,-0.5793685142769215,45,False,0.3033959254785085
18140,0.3800857753154626,-0.5439793080635587,106,False,0.33504966037546435
18580,0.39120458111375467,-0.5623355594906899,80,False,0.3421299805202621
18700,0.341403032928805,-0.575141631936415,57,False,0.3001397959891011
18880,0.3536923747705729,-0.554404825673606,75,False,0.4178852939846293
19100,0.4557810676143002,-0.5425109163136642,111,False,0.3255074494024228
19140,0.6009770230410015,-0.6561572010319049,52,False,0.49980601277677494
19300,0.42624674263929496,-0.5726045697820751,57,False,0.29569499403020544
19340,0.42930651609128895,-0.5633866391294164,75,False,0.6439547138910601
19430,0.24733259876608957,-0.5260445262328576,92,False,0.30295484262994027
19460,0.35073435933651836,-0.571924094993333,58,False,0.5271277068573135
19500,0.341642372401374,-0.5913742711373989,55,False,0.4308051706052141
19660,0.3490662739425663,-0.5426532800070593,87,False,0.31001667408920175
19740,0.3737539570342103,-0.5390752984678118,108,False,0.38679164671014493
19780,0.35841315699692555,-0.5456499515943388,82,False,0.3946820739336641
19820,0.4882669858377035,-0.5555498142818788,107,False,0.4023333620445546
20020,0.4677312778523599,-0.5695244239881606,71,False,0.3496816518837684
20100,0.48333696921180896,-0.5855043418211008,67,False,0.5632288358172126
20220,0.27955848337401784,-0.5881963236049106,51,False,0.3898809205997845
20260,0.5156527845135706,-0.5807033572057628,66,False,0.28990902642922445
20500,0.43648130951794484,-0.5631209112610214,97,False,0.4661960113722629
20580,0.2638887440937334,-0.6865059476204592,36,False,0.3233423581384474
20740,0.43138719549808935,-0.5635928088568278,59,False,0.32684731865828315
20940,0.4581370617183089,-0.6003481559206088,58,False,0.3767530559605243
21060,0.5351758947933806,-0.6281838204153434,50,False,0.5001122268688081
21140,0.5230747469791274,-0.6042019212924353,56,False,0.6205785163524635
21300,0.07014756658196608,-0.5709029805600642,58,False,0.2734927746960622
21340,0.42880899204488726,-0.5516297721766263,83,False,0.2488727875431606
21420,0.24082795675466864,-0.5306267291660502,29,True,1.2657868073769094
21500,0.33472087771409337,-0.5463072423465184,70,False,0.3532367423982549
21660,0.4648426735325294,-0.5700587217064984,77,False,0.2739693244143077
21780,0.4846087965300277,-0.5923822481347104,67,False,0.3057674407961097
21820,0.589837897204202,-0.6518054259632272,56,False,0.5325033871863469
22020,0.4489963515055659,-0.5458955003676874,63,False,0.42787035676684726
22140,0.36647814081970614,-0.586203702133849,52,False,0.4498491903986493
22180,0.31012064738285877,-0.5697339171272667,84,False,0.4157272725932438
22220,0.4330051974637069,-0.5642195553068571,82,False,0.44084698588832466
22380,0.320670004018274,-0.5449101435534538,68,False,0.48548625618250013
22420,0.2845521659468347,-0.5551696316130497,70,False,0.3289729813478577
22500,0.6557882607139542,-0.6433051436062579,68,False,0.3592504613479604
22520,0.30264179911023503,-0.5736913512486992,54,False,0.5808274251163444
22540,0.35480031460013745,-0.5958483293385509,50,False,0.24152455658730315
22660,0.5072743295901314,-0.5803927837481758,78,False,0.3427970601606724
22900,0.41378448326450945,-0.5931205185114338,57,False,0.5981931769924648
23060,0.5130264610859369,-0.581356525571217,78,False,0.5521303811087502
23420,0.344378079553526,-0.5391693486617508,96,False,0.47585892001275093
23460,0.3939153668700758,-0.616201064929111,43,False,0.34031585605719933
23540,0.39428810902238437,-0.5651025629975753,83,False,0.4765679759606041
23580,0.49373528015528406,-0.5891381086075742,66,False,0.36270351205222606
23900,0.42873731008281374,-0.5854629502844769,52,False,0.35926263972968814
24020,0.4535621027743164,-0.5699237172761795,63,False,0.45976683529155654
24140,0.5351464179601491,-0.6197034442007461,51,False,0.5536051538700609
24220,0.20977265816318513,-0.5709560992501344,54,False,0.40242197416993186
24260,0.47535179981174136,-0.6138380050116972,43,False,0.46811461213220357
24300,0.4714494347754133,-0.609629878470158,60,False,0.44093011010654243
24340,0.2524232014636717,-0.530087798599644,87,False,0.3990266519570004
24420,0.1619232796512941,-0.6139170450107273,42,False,0.4557656986744109
24500,0.3172670251724341,-0.639933927009867,44,False,0.4850903538956989
24540,0.4693371856091457,-0.5719264644165439,77,False,0.4695756823155512
24580,0.2711361065254635,-0.5315891163934967,66,False,0.5461687367896324
24660,0.3541411150973012,-0.5441362454825014,92,False,0.43174654122505934
24780,0.5647970999638259,-0.6188797085424288,70,False,0.5302378412996112
24860,0.25756909811208534,-0.5211216841818731,94,False,0.3895694603886439
25060,0.3480748343081269,-0.562614375112228,81,False,0.551541539188047
25180,0.3527580519715105,-0.5732853501843798,71,False,0.36272281853278954
25220,0.6863385361051876,-0.6938959917203494,48,False,0.3880175585251508
25260,0.4629623457666327,-0.5788796049578927,59,False,0.4959744304733458
25420,0.35837366168300056,-0.542235137749254,83,False,0.6262159238508813
25500,0.5150536753226176,-0.601978230841172,58,False,0.30110073095455936
25540,0.38581641772431086,-0.5497865569718291,101,False,0.43395310065798837
25620,0.45191228568695596,-0.6123697838336831,58,False,0.3149666678535317
25740,0.07474888671950478,-0.609690088198583,49,False,0.5956797031591925
25860,0.3192993447498913,-0.559849239566113,68,False,0.47843219975493795
25940,0.20767612227162988,-0.5400689651033075,67,False,0.3397949335485107
25980,0.2823412931945694,-0.597150955093464,47,False,0.6075523964388871
26140,0.36253082384104973,-0.5847249911177609,43,False,0.23675934072932608
26300,0.2694885104091015,-0.6134079292727264,44,False,0.7379535346203421
26380,0.20112544868897347,-0.550850232891544,55,False,0.3678737041785876
26420,0.6323752259737884,-0.5634385067086402,111,False,0.4599228330958142
26580,0.49146396673361553,-0.6116289886732427,62,False,0.3062804141976046
26620,0.35746152899245404,-0.547973726182196,86,False,0.2750581234875413
26820,0.3446713229303098,-0.5767881680928701,57,False,0.8124107270430806
26900,0.3507198379367157,-0.5361283537881442,103,False,0.35238517587305734
26980,0.3788454295742314,-0.5713014183048051,65,False,0.4220470492473022
27060,0.3825878539865655,-0.5634120150247698,68,False,0.4539694665599518
27100,0.504224706023529,-0.5875440568420606,57,False,0.2854837453802061
27140,0.44027876719397135,-0.5727530106692384,84,False,0.3633149164449336
27180,0.34849194687190127,-0.5779968897828269,63,False,0.30233815049696433
27260,0.40912282624499363,-0.5475769564359881,101,False,0.4579292341729694
27340,0.316428279888045,-0.5509943428785531,64,False,0.39750292992633085
27500,0.5350599597090153,-0.5967029302833705,58,False,0.6371950806953992
27620,0.2057899111509664,-0.5693540341009455,56,False,0.25132875476963235
27740,0.5175458972809162,-0.5925246395484225,62,False,0.3341997021440218
27780,0.4497297645986431,-0.5625270740219125,60,False,0.2635559080143176
27860,0.39873271504420266,-0.5716881677562032,51,False,0.3497424714455981
27900,0.42636642299326905,-0.5717512049195361,58,False,0.46282991897917547
27980,0.29033136388965214,-0.587904809004207,75,False,0.2577727221039609
28020,0.5301091707551958,-0.5939173346534492,70,False,0.48252744212601234
28100,0.3501199737386984,-0.5989763037529015,58,False,0.6742795341974379
28140,0.3053847497022003,-0.5317197789169047,103,False,0.4711737745214561
28420,0.41168816897113103,-0.5831661985449268,75,False,0.3275582804849913
28450,0.5275435562421971,-0.617065830466455,57,False,0.2869920196391099
28660,0.4154251465616549,-0.5646395077081194,84,False,0.38688944479917803
28700,0.3418103152669894,-0.5770502470961377,66,False,0.24601158604325987
28740,0.24816317909629418,-0.5422679858840384,73,False,0.2268781719524006
28880,0.3513259440999955,-0.5506325679908524,98,False,0.3527151553576107
28940,0.2995775616046626,-0.5354260566151492,90,False,0.36873310424498285
29020,0.48328493774657644,-0.6592931130072728,36,False,0.4730414004810956
29100,0.3696095719373335,-0.5584839423087098,58,False,0.2726196621878681
29180,0.43592924047385767,-0.569425699547553,74,False,0.4273621754390807
29200,0.3784160559381449,-0.5703543628889568,71,False,0.6123845480287324
29340,0.3747022605649387,-0.5647545772401518,61,False,0.3042476285320173
29420,0.40188313764918104,-0.5635507392194306,57,False,0.5585919115103781
29460,0.3774807999253774,-0.557285527348526,90,False,0.3927327366226926
29540,0.41047472938872526,-0.5606790857850712,76,False,0.468002737249094
29620,0.4007978424657817,-0.5555422728726161,80,False,0.3784785760400251
29700,0.4974186764755826,-0.5926055925696733,64,False,0.3435870234488653
29740,0.6100898011951398,-0.6134085120281695,66,False,0.36075962654986343
29820,0.4209641416711217,-0.5489160433831842,109,False,0.3743145486789824
29940,0.4607278048951455,-0.5975512519640039,58,False,0.5743963592163114
30020,0.45265957220722525,-0.5892648463613921,54,False,0.45484494334766895
30140,0.6213485230164553,-0.6321952849197642,54,False,0.7081291137542062
30300,-0.09404622937449945,-0.5850088139732446,46,False,0.44481972756172306
30340,0.5211071703075401,-0.6126522423180519,48,False,0.5165365229309886
30460,0.4062201323697726,-0.5691727224814311,87,False,0.2811993242642434
30500,0.5021322958142137,-0.6017349678532345,72,False,0.47126798086500316
30620,0.4400444242104803,-0.5985070771686775,48,False,0.5141647861789513
30700,0.3542402084571403,-0.5570721542048076,70,False,0.32157100773933106
30780,0.45817114516102075,-0.5714744985144977,86,False,0.46065712900927375
30860,0.4650778713410382,-0.6305784373997863,58,False,0.3805207727789458
30980,0.4313509938754918,-0.585006157131449,64,False,0.39362537097875
31020,0.3933805279623217,-0.6130271547998342,51,False,0.49590759866181067
31080,0.42986011248290074,-0.5382381144866761,116,False,0.45849259018662725
31140,0.42030388175207095,-0.5406310697621688,99,False,0.4338374061200859
31180,0.5678133237100219,-0.5870869229331243,76,False,0.6465319443472067
31340,0.4240098540649836,-0.5783254653030017,68,False,0.3182582772371089
31420,0.39242397431472953,-0.592067717928494,72,False,0.3361612428540103
31540,0.2610180344798622,-0.5218995269899821,85,False,0.45186929779855206
31700,0.2673134472604657,-0.5409444186152828,82,False,0.526347668672186
31740,0.5000451463696424,-0.5998392094248202,54,False,0.42670549915583705
31860,0.4750337448752354,-0.5566367884459937,53,False,0.3023302448724719
31900,0.3822795539417121,-0.5798080313902523,45,False,0.45161893416018734
32580,0.4143455504265088,-0.5506407224843554,79,False,0.42003406458659537
32780,0.45004137393624,-0.5770383374501896,64,False,0.419347258603637
32820,0.4861632602283062,-0.5645066365296308,97,False,0.4256619031153047
32900,0.5054599491868721,-0.5916521501877455,71,False,0.5259526566020492
33100,0.5221696888771137,-0.54788807942442,111,False,0.5489560264815795
33140,0.4411854055842286,-0.584765232031346,58,False,0.3742045445559671
33220,0.12829327351921307,-0.608516130290753,50,False,0.2512980403319891
33260,0.5023492057133863,-0.5939979736925276,62,False,0.2855939494285051
33340,0.4489354277679904,-0.563822692238586,99,False,0.2645524759949656
33460,0.3506277847618236,-0.5349378217832278,105,False,0.3655717395000041
33500,0.5313247165980378,-0.6163991789037183,48,False,0.2690504827982074
33540,0.5091908262180328,-0.6350499600674601,58,False,0.32713824457919416
33660,0.5410136824689137,-0.5875660090912229,79,False,0.33101626826728153
33700,0.4242604850165381,-0.5574957998716382,81,False,0.3924786079534309
33740,0.5461728284688897,-0.6144741517040496,63,False,0.3808286272513366
33780,0.5562900274128738,-0.6085393410890322,55,False,0.2734597197781581
33860,0.6167177450517323,-0.614478687164352,78,False,0.3111918165470454
34060,0.39670586116058876,-0.6004712217270507,61,False,0.29844003526529816
34100,0.4563896925164672,-0.604863862605884,45,False,0.48905920971916694
34580,0.5545204811915259,-0.5767707678786681,69,False,0.8912570483002019
34620,0.5360241733401936,-0.605229525910615,51,False,0.20087408512805272
34740,0.5279547133558375,-0.6004216662225131,58,False,0.4971334450417904
34820,0.4404336610460967,-0.5676114659973777,72,False,0.3088061884080789
34900,0.29867436045695817,-0.5502011671666458,80,False,0.38743887941617206
34940,0.47813667196816184,-0.5600577724843419,80,False,0.4177826047980431
34980,0.4516721699893586,-0.5487541337276072,105,False,0.4054378735426072
35300,0.37610865545081507,-0.5502808245466548,95,False,0.37936638365017267
35380,0.4486864574981255,-0.5488554181266225,102,False,0.3208188713268516
35620,0.5250273986415419,-0.547135722930378,114,False,0.3229522241096872
35660,0.35906290269497243,-0.5579989104809612,70,False,0.4001597826844685
35840,0.38072647752615424,-0.5459231650872799,86,False,0.2758259526823759
35980,0.36238155756272145,-0.553037318634253,82,False,0.5330068038827915
36100,0.392721527153479,-0.559427807889447,68,False,0.2568207616175326
36220,0.544196123531521,-0.6069562609675243,60,False,0.46478934591499055
36260,0.47493859612053413,-0.5712783528317924,79,False,0.528829366970244
36420,0.33500179793286283,-0.5418516355911778,95,False,0.49570612503808303
36500,0.22841180706591532,-0.5402818590395905,78,False,0.2560945284678791
36540,0.329337985631183,-0.5439439623258854,87,False,0.4884005148746052
36740,0.4914017046219695,-0.5499841692935656,107,False,0.36920912683181994
36780,0.5810113183839243,-0.6174688732458111,58,False,0.27875394775252554
36980,0.4405784096844189,-0.6025877260698769,50,False,0.4465866126953374
37100,0.42071708647636963,-0.5599722505188679,93,False,0.5156442845247406
37140,0.2408270622384437,-0.66457218437,45,False,0.3706906557054691
37340,0.3455895680923808,-0.5431917963764173,89,False,0.30993662790722126
37460,0.6131694693736203,-0.628059845520481,68,False,0.667749897444524
37620,0.5473169017852786,-0.6661601261403176,44,False,0.22723997180971037
37860,0.3816802746824123,-0.5443364965597286,82,False,0.47630859756580857
37900,0.37466849891258347,-0.5519886560378483,76,False,0.39821763202042554
37980,0.4711731238840466,-0.5438317999245471,111,False,0.3050905175226
38060,0.3849471283090877,-0.5313590999158271,110,False,0.4317667355850228
38240,0.37143895929067655,-0.5979015470548171,56,False,0.40055521159206087
38300,0.31536059181608067,-0.5272593432077185,102,False,0.3880348059343437
38340,0.5944642795606467,-0.5892755378093465,67,False,0.26050872611479137
38540,0.3052575167750825,-0.5923678911933828,40,False,0.3918410309773034
38860,0.4090534367770228,-0.5597300247633744,74,False,0.24879687323712119
38900,0.33707812900430384,-0.5365382648481349,107,False,0.36739130008675647
38940,0.31153781768095,-0.54020857137875,83,False,0.5728508311698425
39150,0.3759737742789194,-0.5521462386759843,64,False,0.3597355918979599
39300,0.3377823508479977,-0.5349039087566537,102,False,0.3894820819187532
39340,0.4299321550650115,-0.5576262423108704,77,False,0.5472930110712445
39380,0.35179120171960176,-0.5744004214831188,68,False,0.41827710587821837
39460,0.32101829675442284,-0.5586806018373888,59,False,0.40053902070640934
39540,0.43025781561107795,-0.586039080643181,58,False,0.525341048476218
39580,0.5027228403785658,-0.5603395196383294,105,False,0.528512208458731
39660,0.441666400236169,-0.6110420756361523,53,False,0.16857082792931558
39740,0.4773479174529717,-0.5690201184700527,77,False,0.4023339860851242
39820,0.5654441838126415,-0.6074311685982585,64,False,0.4937200601747848
39900,0.44688390740198664,-0.5657116467209163,86,False,0.2942215291941981
40060,0.36455585435841603,-0.5485424049742942,101,False,0.340880783160984
40140,0.42517004877563674,-0.543197989161812,112,False,0.28766052506668816
40220,0.3735873532850058,-0.5639316040712109,74,False,0.22128272676606825
40340,0.44255818814652187,-0.5590247873290587,70,False,0.5179885830334078
40380,0.3691267146175463,-0.5489155091935329,98,False,0.451039939690867
40420,0.4247272506814016,-0.5734691849243233,77,False,0.7136082250605605
40580,0.7648658714163113,-0.6731244579918415,63,False,0.365169052951227
40660,0.2671511328827876,-0.6139486035615276,43,False,0.46414509863474773
40900,0.37306639491918675,-0.5377031287623184,110,False,0.3046684716473997
40980,0.583795872163027,-0.6158139313225149,67,False,0.3357876608952674
41060,0.5186957051619856,-0.553697758711019,61,False,0.262358453695014
41100,0.6777391230349512,-0.63596687126947,52,False,0.45616018307925155
41140,0.4000755591942732,-0.5622633680917467,52,False,0.48723653387667837
41180,0.3586857798779107,-0.5327963051735954,104,False,0.34882064575991856
41420,0.37473983818207945,-0.5594456456223117,77,False,0.35998045386131444
41500,0.4021465499628538,-0.5656419603313857,88,False,0.4765220575336142
41540,0.36768768472012525,-0.6108347530984438,58,False,0.3593570054519783
41620,0.36711337858478654,-0.5458632747924066,90,False,0.42586210588722373
41660,0.46294148810718166,-0.5972505404750497,57,False,0.6401002142575943
41700,0.401108243140429,-0.5407721050921684,103,False,0.3649822822349108
41740,0.4178386016074127,-0.5423615516847071,111,False,0.2997911426510115
41780,0.09958933979240749,-0.5779667517335797,54,False,0.2852030215304058
41860,0.46853192307770686,-0.5509048795386634,115,False,0.396168556736879
41940,0.382508863490351,-0.5422554601918126,109,False,0.3664320438354353
42020,0.5498696053401965,-0.5879018679470155,79,False,0.5271793417433064
42100,0.44565317254556375,-0.5617159628683747,84,False,0.596798196578028
42140,0.32012376374903917,-0.5443585895774135,80,False,0.2744201891726349
42200,0.4746882121262609,-0.5739406323010907,90,False,0.28073141724261913
42220,0.4540883101218175,-0.5623298318631634,87,False,0.4532380720960515
42340,0.4042295177418294,-0.5626200090157902,87,False,0.27804111279869725
42540,0.33529781097091294,-0.5341426410268774,83,False,0.48067936542288064
42660,0.378263517975704,-0.5374689808135555,113,False,0.398407168861156
42680,0.4054704537644083,-0.5746744270101023,67,False,0.3382384248505379
42700,0.12248479897610504,-0.575376953349522,42,False,0.6598517979514879
43100,0.5533913471344228,-0.5986063750151116,56,False,0.3299281810795881
43300,0.20986858953144807,-0.570564200065427,59,False,0.44039871983583145
43340,0.517162389644946,-0.5980734537260974,76,False,0.3177812074218654
43420,0.3047457501073094,-0.58696533828936,58,False,0.4722092387898885
43580,0.34154863173418465,-0.5965723281077578,55,False,0.3545581810237723
43620,0.4677133776512053,-0.5785194406228094,65,False,0.40734454358327704
43640,0.5592921175249872,-0.6035916058257935,70,False,0.3997826751772766
43780,0.4201079110141106,-0.5701163850860756,74,False,0.46002284839302005
43900,0.38795497050678834,-0.5610350173248202,77,False,0.3949949687957452
44060,0.33184947028962297,-0.539460955153937,83,False,0.4362568539745895
44100,0.3702083894804275,-0.5665401110243695,70,False,0.44591178792732467
44140,0.3203616635662993,-0.5450237453513195,88,False,0.3375060380484709
44180,0.43955586372491334,-0.5704177895711162,68,False,0.3652789996812992
44220,0.49151401498452313,-0.5987056165076083,58,False,0.3499305674226832
44300,0.2944230652794373,-0.5335451468421855,64,False,0.29591230043699723
44420,0.18853980593527256,-0.5685049659850957,56,False,0.3688767702280416
44700,0.46885148260389986,-0.5671247353185597,91,False,0.30928678314728597
44940,0.5277316004503942,-0.6362713280474779,52,False,0.2902422586779727
45060,0.35041406941993514,-0.5392684164932264,91,False,0.457739114724476
45220,0.4174046196918459,-0.5730030809592948,88,False,0.29516553616449176
45300,0.49072062832357105,-0.5543508970064325,109,False,0.42471897158847477
45460,0.4843933588248418,-0.5899973470138011,55,False,0.3559571343248053
45500,0.28965172926834887,-0.5948743159023657,55,False,0.43716586798611967
45780,0.31355791327785243,-0.5502312418969562,85,False,0.47145558270858456
45820,0.325133675795751,-0.5462843936616603,65,False,0.5037909880332834
45900,0.341752052819153,-0.5607431885899209,62,False,0.3594034874623771
45940,0.4600213229925932,-0.5803636220647397,93,False,0.5297729654454731
46060,0.4112209099316857,-0.5453425772820318,93,False,0.49334588612607183
46140,0.30972404224973976,-0.5631477879114569,96,False,0.2714013590088306
46220,0.47195992369155493,-0.5899789414164472,71,False,0.27624527747146
46300,0.4993657347732796,-0.6748307317317399,43,False,0.3519525207669247
46340,0.5590393913398591,-0.6048491407940018,72,False,0.4085698708435258
46520,0.4028094518704114,-0.5459046856425411,99,False,0.2334560592320116
46540,0.31876658617623777,-0.534754695085925,76,False,0.4426741457585701
46660,0.5415494860833433,-0.6535195074400287,56,False,0.4158807403297653
46700,0.41649586957445994,-0.5673509851057855,94,False,0.41390783054634334
47020,0.3118357224596023,-0.592680242021109,52,False,0.5998565163590781
47220,0.46189574339522865,-0.5907997520798175,67,False,0.4310917503646654
47260,0.4036196879980955,-0.5528632082811846,105,False,0.2992535052113923
47300,0.5847255153896068,-0.5973498150213783,77,False,0.4105607738070054
47380,0.4073617267066372,-0.5604576051420123,73,False,0.3174034185101938
47460,0.0994772179808666,-0.5769491100367796,43,False,0.2521264994486653
47580,0.5468763545950971,-0.6194804580759996,70,False,0.35314897169436965
47900,0.48575173331676297,-0.5489823069264935,114,False,0.40559973669999644
47930,0.3607726513558773,-0.5526534818641508,89,False,0.4050150253547435
47940,0.23510052141278487,-0.544162512233558,59,False,0.3108161766002168
48060,0.5457145838968863,-0.5852207089320126,64,False,0.5014074096589662
48140,0.5941467313340327,-0.5881928404718675,56,False,0.3284659556005157
48260,0.015293601451452954,-0.5834896168380108,52,False,0.21673132300823528
48300,0.5778279323900305,-0.6210974034647687,60,False,0.32870097682898824
48540,0.33630451582756155,-0.6216232251556639,56,False,0.3002125664813463
48620,0.38355922361357275,-0.5564369597296056,81,False,0.3073648229192436
48660,0.332839761146214,-0.5616441373818409,61,False,0.573943761884433
48680,0.27691301323082934,-0.5340725757513126,40,False,0.32322574368301926
48700,0.532991967248276,-0.601274873910726,57,False,0.3073136839316827
48900,0.41259729277002444,-0.5625156378511589,79,False,0.43357781651024524
49020,0.3612581992894039,-0.5913368436154611,61,False,0.21070511923649704
49180,0.45433989934226054,-0.5754899125924617,90,False,0.40293076053031474
49340,0.3872503658685243,-0.5479613468704414,97,False,0.2626599338316839
49420,0.551925669310392,-0.5954479529142557,65,False,0.2773115798425553
49620,0.34216320012057017,-0.5468767311010028,77,False,0.5824735522235047
49660,0.3048639950345432,-0.5506374979660309,76,False,0.25713091816016037
49700,0.48803997145386524,-0.5918167024411475,67,False,0.4718669532794882
49740,0.4186728771868605,-0.5613771908371608,64,False,0.4112552310190075
