# Pew Research Center, "Intermarriage across the U.S. by metro area"
# (feature, May 18 2017), data endpoint
# https://www.pewresearch.org/wp-json/prc-api/v2/interactive?slug=intermarriage-map
# accessed 2026-09-16. Percent of newlyweds married to someone of a
# different race or ethnicity, 2011-2015 ACS; Pew includes only metros with
# at least 200 newlyweds in sample; "-" = not published for that group.
# msa_code is the CBSA code of Pew's (2015-vintage) delineation.
# VALIDATION REFERENCE ONLY (soft, directional): read by build.validate,
# never shipped in the artifact, never scored. Phase 3's gate is to
# REPRODUCE this table from PUMS couple linkage; the interim pairing rate is
# only checked for direction against it. (c) Pew Research Center, used as a
# factual reference with attribution.
msa_code,metro_name,total,whites,blacks,hisps,asians
1,United States,16,10,18,26,29
10420,"Akron, OH",12,7,-,-,-
10580,"Albany-Schenectady-Troy, NY",14,6,-,-,-
10740,"Albuquerque, NM",28,-,-,-,-
10900,"Allentown-Bethlehem-Easton, PA-NJ",17,7,-,-,-
11260,"Anchorage, AK",28,-,-,-,-
11700,"Asheville, NC",3,1,-,-,-
12060,"Atlanta-Sandy Springs-Roswell, GA",14,9,12,25,-
12260,"Augusta-Richmond County, GA-SC",13,6,-,-,-
12420,"Austin-Round Rock, TX",21,15,-,26,-
12540,"Bakersfield, CA",17,-,-,-,-
12580,"Baltimore-Columbia-Towson, MD",15,10,12,-,-
12940,"Baton Rouge, LA",8,6,-,-,-
13140,"Beaumont-Port Arthur, TX",11,-,-,-,-
13820,"Birmingham-Hoover, AL",6,3,-,-,-
14260,"Boise City, ID",23,14,-,-,-
14460,"Boston-Cambridge-Newton, MA-NH",14,8,-,28,24
14860,"Bridgeport-Stamford-Norwalk, CT",15,10,-,-,-
15380,"Buffalo-Cheektowaga-Niagara Falls, NY",16,9,-,-,-
15980,"Cape Coral-Fort Myers, FL",11,8,-,-,-
16860,"Chattanooga, TN-GA",5,3,-,-,-
16700,"Charleston-North Charleston, SC",13,7,-,-,-
16740,"Charlotte-Concord-Gastonia, NC-SC",16,10,-,-,-
16980,"Chicago-Naperville-Elgin, IL-IN-WI",19,14,13,24,35
17140,"Cincinnati, OH-KY-IN",9,5,-,-,-
17300,"Clarksville, TN-KY",21,11,-,-,-
17460,"Cleveland-Elyria, OH",12,7,-,-,-
17820,"Colorado Springs, CO",18,9,-,-,-
17900,"Columbia, SC",12,8,-,-,-
18140,"Columbus, OH",11,6,-,-,-
18580,"Corpus Christi, TX",22,-,-,-,-
19100,"Dallas-Fort Worth-Arlington, TX",19,15,14,22,29
19380,"Dayton, OH",11,5,-,-,-
19660,"Deltona-Daytona Beach-Ormond Beach, FL",15,9,-,-,-
19740,"Denver-Aurora-Lakewood, CO",22,14,-,36,-
19780,"Des Moines-West Des Moines, IA",11,5,-,-,-
19820,"Detroit-Warren-Dearborn, MI",10,6,9,-,-
21340,"El Paso, TX",22,-,-,14,-
21660,"Eugene, OR",23,-,-,-,-
22180,"Fayetteville, NC",29,19,-,-,-
22220,"Fayetteville-Springdale-Rogers, AR-MO",17,11,-,-,-
23060,"Fort Wayne, IN",15,9,-,-,-
23420,"Fresno, CA",23,-,-,-,-
23540,"Gainesville, FL",22,-,-,-,-
24340,"Grand Rapids-Wyoming, MI",16,9,-,-,-
24660,"Greensboro-High Point, NC",9,5,-,-,-
24860,"Greenville-Anderson-Mauldin, SC",6,3,-,-,-
25420,"Harrisburg-Carlisle, PA",16,9,-,-,-
25540,"Hartford-West Hartford-East Hartford, CT",17,11,-,-,-
25860,"Hickory-Lenoir-Morganton, NC",10,-,-,-,-
46520,"Honolulu, HI",42,34,-,-,32
26420,"Houston-The Woodlands-Sugar Land, TX",19,19,11,19,22
26900,"Indianapolis-Carmel-Anderson, IN",11,6,-,-,-
27140,"Jackson, MS",3,-,-,-,-
27260,"Jacksonville, FL",16,10,-,-,-
28020,"Kalamazoo-Portage, MI",20,-,-,-,-
28140,"Kansas City, MO-KS",13,7,-,-,-
28940,"Knoxville, TN",12,6,-,-,-
29180,"Lafayette, LA",9,5,-,-,-
29460,"Lakeland-Winter Haven, FL",15,10,-,-,-
29540,"Lancaster, PA",11,-,-,-,-
29620,"Lansing-East Lansing, MI",11,6,-,-,-
29820,"Las Vegas-Henderson-Paradise, NV",31,26,-,30,-
30780,"Little Rock-North Little Rock-Conway, AR",14,4,-,-,-
31080,"Los Angeles-Long Beach-Anaheim, CA",22,23,30,16,24
31140,"Louisville-Jefferson County, KY-IN",9,5,-,-,-
32580,"McAllen-Edinburg-Mission, TX",11,-,-,6,-
32820,"Memphis, TN-MS-AR",10,7,-,-,-
33100,"Miami-Fort Lauderdale-West Palm Beach, FL",24,28,14,20,-
33340,"Milwaukee-Waukesha-West Allis, WI",13,8,-,-,-
33460,"Minneapolis-St. Paul-Bloomington, MN-WI",15,9,-,-,-
33660,"Mobile, AL",10,-,-,-,-
33700,"Modesto, CA",26,-,-,-,-
34980,"Nashville-Davidson–Murfreesboro–Franklin, TN",10,6,-,-,-
35300,"New Haven-Milford, CT",10,6,-,-,-
35380,"New Orleans-Metairie, LA",16,12,-,-,-
35620,"New York-Newark-Jersey City, NY-NJ-PA",18,14,15,23,21
35840,"North Port-Sarasota-Bradenton, FL",13,8,-,-,-
36260,"Ogden-Clearfield, UT",27,16,-,-,-
36420,"Oklahoma City, OK",23,14,-,-,-
36540,"Omaha-Council Bluffs, NE-IA",15,8,-,-,-
36740,"Orlando-Kissimmee-Sanford, FL",24,20,-,25,-
37100,"Oxnard-Thousand Oaks-Ventura, CA",22,20,-,-,-
37340,"Palm Bay-Melbourne-Titusville, FL",29,-,-,-,-
37860,"Pensacola-Ferry Pass-Brent, FL",18,11,-,-,-
37980,"Philadelphia-Camden-Wilmington, PA-NJ-DE-MD",14,8,14,-,-
38060,"Phoenix-Mesa-Scottsdale, AZ",25,18,-,32,-
38300,"Pittsburgh, PA",10,5,-,-,-
38860,"Portland-South Portland, ME",10,4,-,-,-
38900,"Portland-Vancouver-Hillsboro, OR-WA",19,11,-,-,-
39300,"Providence-Warwick, RI-MA",11,7,-,-,-
39340,"Provo-Orem, UT",14,7,-,-,-
39580,"Raleigh, NC",16,10,-,-,-
39900,"Reno, NV",21,13,-,-,-
40060,"Richmond, VA",12,8,-,-,-
40140,"Riverside-San Bernardino-Ontario, CA",25,25,-,20,-
40380,"Rochester, NY",15,7,-,-,-
40900,"Sacramento–Roseville–Arden-Arcade, CA",26,20,-,33,-
41180,"St. Louis, MO-IL",11,6,-,-,-
41500,"Salinas, CA",16,-,-,-,-
41540,"Salisbury, MD-DE",10,-,-,-,-
41620,"Salt Lake City, UT",18,10,-,-,-
41700,"San Antonio-New Braunfels, TX",23,27,-,19,-
41740,"San Diego-Carlsbad, CA",27,20,-,26,34
41860,"San Francisco-Oakland-Hayward, CA",26,22,-,28,21
41940,"San Jose-Sunnyvale-Santa Clara, CA",24,27,-,22,16
42200,"Santa Maria-Santa Barbara, CA",30,-,-,-,-
42220,"Santa Rosa, CA",19,-,-,-,-
42540,"Scranton–Wilkes-Barre–Hazleton, PA",9,3,-,-,-
42660,"Seattle-Tacoma-Bellevue, WA",20,13,-,-,24
43340,"Shreveport-Bossier City, LA",18,-,-,-,-
44060,"Spokane-Spokane Valley, WA",17,8,-,-,-
44140,"Springfield, MA",12,8,-,-,-
44180,"Springfield, MO",15,-,-,-,-
44700,"Stockton-Lodi, CA",28,-,-,-,-
45060,"Syracuse, NY",12,6,-,-,-
45300,"Tampa-St. Petersburg-Clearwater, FL",22,14,-,36,-
45780,"Toledo, OH",20,11,-,-,-
46060,"Tucson, AZ",25,20,-,-,-
47260,"Virginia Beach-Norfolk-Newport News, VA-NC",20,14,13,-,-
47300,"Visalia-Porterville, CA",11,-,-,-,-
47900,"Washington-Arlington-Alexandria, DC-VA-MD-WV",19,14,16,26,28
48620,"Wichita, KS",13,8,-,-,-
49180,"Winston-Salem, NC",16,11,-,-,-
49340,"Worcester, MA-CT",17,8,-,-,-
49620,"York-Hanover, PA",11,-,-,-,-
49660,"Youngstown-Warren-Boardman, OH-PA",4,2,-,-,-
