sex,age,disclosed,level,median_abs_gap,max_abs_gap
male,25,edu,hs_or_less,10.041745075051722,43.33245001231931
male,25,edu,some_college,4.034988785978257,16.829306268789566
male,25,edu,bachelors,10.69041663047092,40.41015217226634
male,25,edu,graduate,18.206847771966707,106.66260491428356
male,25,race,hispanic,35.39672483405203,199.06305530779122
male,25,race,nh_white,19.02978008398476,62.228876944325584
male,25,race,nh_black,32.94684309209492,178.63475481411908
male,25,race,nh_asian,37.0625243585892,338.5026558393749
male,25,race,nh_aian,15.902522700657073,580.6620261204735
male,25,race,nh_nhpi,28.647509048483045,659.683873047497
male,25,race,nh_twoplus,7.975693045912635,75.30920759583054
male,25,race,nh_other,22.737722193021497,206.82731478470313
male,25,both,hs_or_less+hispanic,36.44902627758641,218.02252497195593
male,25,both,hs_or_less+nh_white,22.47801233369394,79.60197882712208
male,25,both,hs_or_less+nh_black,32.28568876946211,202.5967221221304
male,25,both,hs_or_less+nh_asian,24.950651197895105,223.20965349793494
male,25,both,hs_or_less+nh_aian,17.42859652563517,676.0163945802218
male,25,both,hs_or_less+nh_nhpi,30.460998364959252,838.9234746910747
male,25,both,hs_or_less+nh_twoplus,14.3181429784767,84.86007839508687
male,25,both,hs_or_less+nh_other,25.479591267667416,261.7230438689833
male,25,both,some_college+hispanic,35.729099973140535,202.01180020639998
male,25,both,some_college+nh_white,20.029354930970854,65.6539516955906
male,25,both,some_college+nh_black,31.29412613607748,179.689569721685
male,25,both,some_college+nh_asian,29.28290944791459,275.11392955193486
male,25,both,some_college+nh_aian,16.343647678911594,542.1118131754572
male,25,both,some_college+nh_nhpi,29.428533540750507,604.9626218812566
male,25,both,some_college+nh_twoplus,10.032138795998549,76.50118383242307
male,25,both,some_college+nh_other,24.804139334658757,160.39509506955918
male,25,both,bachelors+hispanic,29.68148670347108,157.36731513331728
male,25,both,bachelors+nh_white,16.71138429547868,70.16987732009923
male,25,both,bachelors+nh_black,30.21144347556124,149.11184181576633
male,25,both,bachelors+nh_asian,40.933943456587144,352.723936675466
male,25,both,bachelors+nh_aian,14.161902176904817,314.55246403847406
male,25,both,bachelors+nh_nhpi,26.736920222821425,415.59801406571387
male,25,both,bachelors+nh_twoplus,11.64236736759193,66.42604375161977
male,25,both,bachelors+nh_other,27.17391353382982,340.814508025093
male,25,both,graduate+hispanic,30.90075276525471,145.77939046393183
male,25,both,graduate+nh_white,17.011844213758252,70.94004232981337
male,25,both,graduate+nh_black,32.26699566346578,148.88796154222754
male,25,both,graduate+nh_asian,43.24669007635188,424.3013452170878
male,25,both,graduate+nh_aian,16.038901642765182,284.497722064587
male,25,both,graduate+nh_nhpi,27.885455061399966,850.1330613900965
male,25,both,graduate+nh_twoplus,13.483042745447946,66.4576850803183
male,25,both,graduate+nh_other,29.62390013608976,278.66876365400697
male,30,edu,hs_or_less,9.703722037428108,46.19943481710972
male,30,edu,some_college,3.9566698239076032,21.511225539011747
male,30,edu,bachelors,9.955408230688448,42.266119030151785
male,30,edu,graduate,18.725845287269394,107.49505253620282
male,30,race,hispanic,32.33387946724531,196.48587243461844
male,30,race,nh_white,18.57311611331511,61.71936105068923
male,30,race,nh_black,34.76461884917505,172.05734599443667
male,30,race,nh_asian,39.49427315433927,388.1454951153761
male,30,race,nh_aian,18.411954747058743,580.2845222441672
male,30,race,nh_nhpi,30.737867210629553,646.4764076921185
male,30,race,nh_twoplus,8.603879767006475,58.41567535777179
male,30,race,nh_other,24.67868505031062,119.25740795721318
male,30,both,hs_or_less+hispanic,33.74040842026555,214.57103009675444
male,30,both,hs_or_less+nh_white,23.268675774328756,91.85004000374451
male,30,both,hs_or_less+nh_black,36.87661029931189,193.402374008175
male,30,both,hs_or_less+nh_asian,26.2537609944833,223.7073897752192
male,30,both,hs_or_less+nh_aian,20.373336553773512,682.2046133825351
male,30,both,hs_or_less+nh_nhpi,30.986584876135204,917.6364195975876
male,30,both,hs_or_less+nh_twoplus,13.800358970660568,84.22077637483045
male,30,both,hs_or_less+nh_other,21.861779009110066,189.3259875555901
male,30,both,some_college+hispanic,33.102849144119666,202.28626134409933
male,30,both,some_college+nh_white,20.916665469762904,62.41382882028921
male,30,both,some_college+nh_black,35.35661560175871,175.49763672509562
male,30,both,some_college+nh_asian,32.901615524286484,290.0135342663782
male,30,both,some_college+nh_aian,19.01153721100053,594.6415005850268
male,30,both,some_college+nh_nhpi,31.72426377531763,514.3286518615666
male,30,both,some_college+nh_twoplus,10.74879451842132,65.08080175466401
male,30,both,some_college+nh_other,25.037606924140917,131.42025284060037
male,30,both,bachelors+hispanic,33.07555865886779,157.54421357592548
male,30,both,bachelors+nh_white,14.936740678345231,69.93825950869679
male,30,both,bachelors+nh_black,36.393796949483765,144.21998221912168
male,30,both,bachelors+nh_asian,43.55994483174275,405.0075830360669
male,30,both,bachelors+nh_aian,17.552503233570263,302.3196549084559
male,30,both,bachelors+nh_nhpi,29.25045546697158,366.1583328884337
male,30,both,bachelors+nh_twoplus,11.303820155327067,55.82305559053192
male,30,both,bachelors+nh_other,30.312247049163872,133.64783132781776
male,30,both,graduate+hispanic,32.907605489594275,130.13354061315283
male,30,both,graduate+nh_white,16.45517556456116,92.16706697205343
male,30,both,graduate+nh_black,36.558589226806994,143.4431514012178
male,30,both,graduate+nh_asian,46.44903863201838,504.899791819945
male,30,both,graduate+nh_aian,18.9193141092408,225.410760159027
male,30,both,graduate+nh_nhpi,30.728633797292055,321.08775299903414
male,30,both,graduate+nh_twoplus,15.368775718018313,67.28338938202673
male,30,both,graduate+nh_other,36.17783107874472,143.00143279068448
male,35,edu,hs_or_less,5.95845656184737,38.085947979780826
male,35,edu,some_college,3.569086241789236,14.05856209235948
male,35,edu,bachelors,8.909295269261293,40.639030488898946
male,35,edu,graduate,15.37155996111889,61.22979814826755
male,35,race,hispanic,31.954200147386572,183.16333665680685
male,35,race,nh_white,19.527637774140047,64.003776302532
male,35,race,nh_black,39.664317991175764,189.4192470827841
male,35,race,nh_asian,38.456312606991716,311.8615204186641
male,35,race,nh_aian,19.195460739405107,369.5812044791238
male,35,race,nh_nhpi,30.51062922341316,2648.9818787510017
male,35,race,nh_twoplus,8.241866838159552,84.15654931200521
male,35,race,nh_other,24.11747434362823,160.25090195621974
male,35,both,hs_or_less+hispanic,34.173347964881614,199.2359054103528
male,35,both,hs_or_less+nh_white,22.95271566171388,89.82673264953365
male,35,both,hs_or_less+nh_black,41.773083891744484,217.13501059297053
male,35,both,hs_or_less+nh_asian,26.624745124601688,192.2424813714401
male,35,both,hs_or_less+nh_aian,20.491784858136214,439.3970371347109
male,35,both,hs_or_less+nh_nhpi,32.889676529441104,2956.697085936375
male,35,both,hs_or_less+nh_twoplus,11.655509702629686,109.38711342644478
male,35,both,hs_or_less+nh_other,24.809818579037128,246.8970019133474
male,35,both,some_college+hispanic,32.16708561244633,184.17318284062384
male,35,both,some_college+nh_white,20.811467462745796,68.80759624702097
male,35,both,some_college+nh_black,39.764931149307934,194.74859793156602
male,35,both,some_college+nh_asian,32.89804146978929,248.01131496474946
male,35,both,some_college+nh_aian,20.70438748790758,367.94011872474186
male,35,both,some_college+nh_nhpi,29.055041981894107,2075.234065276655
male,35,both,some_college+nh_twoplus,9.648866308375673,86.52132545708236
male,35,both,some_college+nh_other,23.253679626581913,172.2691582017863
male,35,both,bachelors+hispanic,31.83616974905297,168.07581422044845
male,35,both,bachelors+nh_white,16.112757018500574,72.54147932720198
male,35,both,bachelors+nh_black,40.8362986195021,152.23594532754248
male,35,both,bachelors+nh_asian,44.010341993439425,348.016287518638
male,35,both,bachelors+nh_aian,19.233692172938177,305.72541430343995
male,35,both,bachelors+nh_nhpi,28.801263606165875,2198.279939265744
male,35,both,bachelors+nh_twoplus,11.212396077840424,75.04887698914938
male,35,both,bachelors+nh_other,29.578578567296873,284.7783117118906
male,35,both,graduate+hispanic,31.794491659954446,135.58160140313188
male,35,both,graduate+nh_white,16.49284034856546,86.87587676059808
male,35,both,graduate+nh_black,41.00737965132369,140.5907905488507
male,35,both,graduate+nh_asian,47.48455448838562,415.7307625662154
male,35,both,graduate+nh_aian,21.84098216739008,289.8574242117981
male,35,both,graduate+nh_nhpi,31.242230623640253,1667.096231708933
male,35,both,graduate+nh_twoplus,14.421021068071099,68.59619043269745
male,35,both,graduate+nh_other,36.781201130281204,212.32381596813633
male,40,edu,hs_or_less,5.716035618370995,34.26079172529202
male,40,edu,some_college,5.189086103850613,21.15411760454846
male,40,edu,bachelors,7.679834933750271,45.63834755050681
male,40,edu,graduate,14.616739884408943,63.8893140540051
male,40,race,hispanic,33.62927937233218,188.2823338969447
male,40,race,nh_white,20.81154771058712,66.51716939200335
male,40,race,nh_black,39.33322791987908,161.21098800791333
male,40,race,nh_asian,36.86782951454168,293.1356626704475
male,40,race,nh_aian,20.94612965832343,529.5372755446023
male,40,race,nh_nhpi,32.04111986500594,442.5964967332059
male,40,race,nh_twoplus,8.70211382085337,82.291415687428
male,40,race,nh_other,29.143913531906108,146.94523464968586
male,40,both,hs_or_less+hispanic,35.704016679850724,201.27577891381827
male,40,both,hs_or_less+nh_white,23.167992461050616,76.27323759455125
male,40,both,hs_or_less+nh_black,39.38509516681259,171.8840099086874
male,40,both,hs_or_less+nh_asian,29.934578293430008,247.20787757379082
male,40,both,hs_or_less+nh_aian,21.72896009637725,597.3810348917242
male,40,both,hs_or_less+nh_nhpi,34.235951736721105,623.9132585473141
male,40,both,hs_or_less+nh_twoplus,10.112734457307766,93.77081952335546
male,40,both,hs_or_less+nh_other,30.03480931612367,207.68715021530932
male,40,both,some_college+hispanic,32.772546301194794,184.07134360405433
male,40,both,some_college+nh_white,21.79271507456461,83.39288013615696
male,40,both,some_college+nh_black,39.921507414453174,166.5149664115623
male,40,both,some_college+nh_asian,32.31018907100326,252.53242966155244
male,40,both,some_college+nh_aian,20.38422905206029,563.1690055110174
male,40,both,some_college+nh_nhpi,32.72540147069823,464.3943764350269
male,40,both,some_college+nh_twoplus,9.234307427790185,84.66424547074719
male,40,both,some_college+nh_other,27.78730912062167,175.13486760306995
male,40,both,bachelors+hispanic,30.892912455755784,175.1697076727624
male,40,both,bachelors+nh_white,18.318432795928558,77.11599981891263
male,40,both,bachelors+nh_black,39.067010631828,146.7953750315447
male,40,both,bachelors+nh_asian,41.84365363568417,325.33982350381507
male,40,both,bachelors+nh_aian,21.521706567674755,380.4031281369363
male,40,both,bachelors+nh_nhpi,29.713051997203124,400.9011597511415
male,40,both,bachelors+nh_twoplus,9.885852254189615,68.55285988335326
male,40,both,bachelors+nh_other,35.48886673382964,123.7604111085885
male,40,both,graduate+hispanic,30.902944265003626,157.48480973799917
male,40,both,graduate+nh_white,17.58872427075434,98.3984196185113
male,40,both,graduate+nh_black,43.77251382707756,149.24546432636387
male,40,both,graduate+nh_asian,46.8761350714763,360.3319022693579
male,40,both,graduate+nh_aian,22.59883208334999,522.0626753832403
male,40,both,graduate+nh_nhpi,30.30593793491822,365.24381566704557
male,40,both,graduate+nh_twoplus,13.87344153451906,70.975115678984
male,40,both,graduate+nh_other,38.579346904061794,150.9087913593486
male,50,edu,hs_or_less,5.282869764536727,40.411662916077844
male,50,edu,some_college,4.369137397405225,21.027047720704743
male,50,edu,bachelors,8.723550355546124,49.61360175336406
male,50,edu,graduate,13.129694711996507,64.27482814120121
male,50,race,hispanic,39.245604498027284,245.65030025440893
male,50,race,nh_white,18.499510737039287,66.37792625540155
male,50,race,nh_black,39.33929296719451,167.80099988847235
male,50,race,nh_asian,37.70984882541502,336.29594293929387
male,50,race,nh_aian,18.012038650471553,396.6578728906083
male,50,race,nh_nhpi,27.829673236407814,503.3842261328147
male,50,race,nh_twoplus,6.82473932138258,76.47412557772994
male,50,race,nh_other,27.851886970569822,672.1529199643293
male,50,both,hs_or_less+hispanic,41.67188949813026,262.29567837819036
male,50,both,hs_or_less+nh_white,18.5512438068685,68.14411678283969
male,50,both,hs_or_less+nh_black,39.69424760684895,176.34515898458324
male,50,both,hs_or_less+nh_asian,33.21287511854034,301.2614275833917
male,50,both,hs_or_less+nh_aian,18.063465907670988,472.1860327186623
male,50,both,hs_or_less+nh_nhpi,30.65604376660842,613.7093320323792
male,50,both,hs_or_less+nh_twoplus,8.506063586945572,107.45968574084135
male,50,both,hs_or_less+nh_other,29.88084824373003,627.4372193925443
male,50,both,some_college+hispanic,34.629625589989345,228.5430195113433
male,50,both,some_college+nh_white,19.45223477568213,68.26623684382113
male,50,both,some_college+nh_black,39.24794277671316,165.6669460134905
male,50,both,some_college+nh_asian,34.4620348887748,325.8218317199654
male,50,both,some_college+nh_aian,18.46514732014299,347.526888264837
male,50,both,some_college+nh_nhpi,27.07577031589625,554.6602537782713
male,50,both,some_college+nh_twoplus,7.991402022996169,72.12632294333027
male,50,both,some_college+nh_other,27.028352102317797,997.448310087372
male,50,both,bachelors+hispanic,31.352030957868152,201.07877651067116
male,50,both,bachelors+nh_white,14.747644803741068,75.98488477141788
male,50,both,bachelors+nh_black,39.73376049579615,153.8841004952204
male,50,both,bachelors+nh_asian,43.634887911106624,358.24052896353595
male,50,both,bachelors+nh_aian,20.111340349366017,354.4827301633467
male,50,both,bachelors+nh_nhpi,32.00442011050186,1284.410293383185
male,50,both,bachelors+nh_twoplus,11.059551114193681,67.36444482209953
male,50,both,bachelors+nh_other,29.776867415898863,515.1049121007742
male,50,both,graduate+hispanic,30.452849593090747,185.01768656115598
male,50,both,graduate+nh_white,17.211449432803576,85.77536814145488
male,50,both,graduate+nh_black,42.390589488766764,168.2957716386514
male,50,both,graduate+nh_asian,46.83262593698415,375.53548926948775
male,50,both,graduate+nh_aian,23.79010439213394,684.8821968958853
male,50,both,graduate+nh_nhpi,32.333453926215284,942.7825335639429
male,50,both,graduate+nh_twoplus,14.88803184396373,80.35091420597574
male,50,both,graduate+nh_other,38.830400498524114,322.42659345958253
female,25,edu,hs_or_less,11.212614856916218,48.51763270209511
female,25,edu,some_college,5.424563279853444,22.146226907550385
female,25,edu,bachelors,8.156650760615591,28.680325823805987
female,25,edu,graduate,12.540346767211759,69.56828480424917
female,25,race,hispanic,32.43939020743784,189.92379011840058
female,25,race,nh_white,18.262552902086085,54.65539243183535
female,25,race,nh_black,36.62603017831696,242.9194626874156
female,25,race,nh_asian,30.388157885439092,308.12210877558704
female,25,race,nh_aian,14.4071428407904,333.21063510637134
female,25,race,nh_nhpi,31.096105753450885,621.2610075389443
female,25,race,nh_twoplus,7.618484471941144,71.20129371535036
female,25,race,nh_other,17.001259303169206,115.45013868766097
female,25,both,hs_or_less+hispanic,35.40248780330941,203.00558626461145
female,25,both,hs_or_less+nh_white,23.3729553702356,88.76138878883776
female,25,both,hs_or_less+nh_black,39.072744057446016,294.23978896653546
female,25,both,hs_or_less+nh_asian,15.390691259751762,137.104688364439
female,25,both,hs_or_less+nh_aian,20.292146136155523,493.62873264607447
female,25,both,hs_or_less+nh_nhpi,31.737134611544448,904.9518751394827
female,25,both,hs_or_less+nh_twoplus,15.50797235458802,103.37531215165556
female,25,both,hs_or_less+nh_other,17.677749930572716,153.31320320169166
female,25,both,some_college+hispanic,33.08387300615893,203.3906443387835
female,25,both,some_college+nh_white,20.828215994507218,66.55594182576134
female,25,both,some_college+nh_black,37.23273617005839,250.42672325036028
female,25,both,some_college+nh_asian,20.09695666542217,202.31404748787094
female,25,both,some_college+nh_aian,15.881264556384977,303.2307387467694
female,25,both,some_college+nh_nhpi,29.898568130403262,573.3971632722925
female,25,both,some_college+nh_twoplus,10.163688373452032,79.19854018799863
female,25,both,some_college+nh_other,17.111932783400462,120.82795449478829
female,25,both,bachelors+hispanic,30.587111380929855,162.9718686795935
female,25,both,bachelors+nh_white,15.97417767685387,59.97578505665495
female,25,both,bachelors+nh_black,35.42479965579811,222.71631139141067
female,25,both,bachelors+nh_asian,32.81895630786995,316.00862349041273
female,25,both,bachelors+nh_aian,14.298927031070733,263.5251479517539
female,25,both,bachelors+nh_nhpi,26.723323803264634,285.8627985452604
female,25,both,bachelors+nh_twoplus,8.403472369518653,53.45313771752255
female,25,both,bachelors+nh_other,21.82803142208796,182.59413925593424
female,25,both,graduate+hispanic,29.711099391874228,148.1010429881643
female,25,both,graduate+nh_white,14.289812368975703,64.97237334807522
female,25,both,graduate+nh_black,35.72966172471,222.76817301345653
female,25,both,graduate+nh_asian,37.81858355289708,417.98880281038925
female,25,both,graduate+nh_aian,16.79172439784928,219.93634129939443
female,25,both,graduate+nh_nhpi,28.28754486474324,233.18153799271428
female,25,both,graduate+nh_twoplus,11.753140232895177,60.103671903929
female,25,both,graduate+nh_other,26.17327170934334,171.78527993149658
female,30,edu,hs_or_less,8.990517431223381,47.603432237617696
female,30,edu,some_college,4.9224866351447645,24.982337271744385
female,30,edu,bachelors,7.630945040987484,30.4781442906541
female,30,edu,graduate,13.294548921887,75.24609935406663
female,30,race,hispanic,30.89798464681067,183.0337841781314
female,30,race,nh_white,19.429726900897293,52.313828043872405
female,30,race,nh_black,33.42105659827395,200.0906707112988
female,30,race,nh_asian,30.369489389313244,341.96513682602125
female,30,race,nh_aian,16.513125259217617,476.12201647967214
female,30,race,nh_nhpi,30.46489873313807,1144.518002144248
female,30,race,nh_twoplus,8.283693544580743,56.722337718998574
female,30,race,nh_other,18.345258566360897,251.8417338545303
female,30,both,hs_or_less+hispanic,32.85650926486119,199.6248707667622
female,30,both,hs_or_less+nh_white,24.861418846909388,94.59300435602819
female,30,both,hs_or_less+nh_black,37.20023260723764,254.98643471215956
female,30,both,hs_or_less+nh_asian,17.032896377065356,131.20865143475453
female,30,both,hs_or_less+nh_aian,19.744801712164573,638.4953152112784
female,30,both,hs_or_less+nh_nhpi,33.03111957473642,1636.3843089363247
female,30,both,hs_or_less+nh_twoplus,14.516631920806532,93.38694623553727
female,30,both,hs_or_less+nh_other,18.47419108998149,273.7837363383249
female,30,both,some_college+hispanic,30.30438541964262,188.09448545056082
female,30,both,some_college+nh_white,22.16892805614212,66.87987604539114
female,30,both,some_college+nh_black,35.8208556693094,207.88299599420236
female,30,both,some_college+nh_asian,19.332113417462892,203.17309289009324
female,30,both,some_college+nh_aian,16.432384223495802,435.486261122792
female,30,both,some_college+nh_nhpi,30.402277740928,969.1482263493501
female,30,both,some_college+nh_twoplus,11.030125161422362,61.93107529946474
female,30,both,some_college+nh_other,17.319075044026206,203.49655893762522
female,30,both,bachelors+hispanic,30.02336713081202,167.60511362813708
female,30,both,bachelors+nh_white,16.797761112228855,57.14877580028116
female,30,both,bachelors+nh_black,34.700317896008244,172.16408740493966
female,30,both,bachelors+nh_asian,31.80658467245636,333.87861106135296
female,30,both,bachelors+nh_aian,18.137713233512926,250.37536879036912
female,30,both,bachelors+nh_nhpi,27.170783347279084,520.6692589256415
female,30,both,bachelors+nh_twoplus,9.195425018628171,44.48269201453579
female,30,both,bachelors+nh_other,23.955104575644114,423.12780791369676
female,30,both,graduate+hispanic,29.397239404504468,144.69813098447787
female,30,both,graduate+nh_white,15.757682241051612,70.60501037275614
female,30,both,graduate+nh_black,37.98149493654855,201.30220695280605
female,30,both,graduate+nh_asian,37.103027430952366,459.3734246522305
female,30,both,graduate+nh_aian,20.817600410723415,187.9627831773832
female,30,both,graduate+nh_nhpi,28.187317550074653,384.21901508231497
female,30,both,graduate+nh_twoplus,12.43989884099102,48.988834286962515
female,30,both,graduate+nh_other,27.33299631706123,299.4273190172679
female,35,edu,hs_or_less,8.010036271402711,43.00093433096269
female,35,edu,some_college,3.660279288412383,19.839587515564943
female,35,edu,bachelors,7.378878571804577,33.8602624188712
female,35,edu,graduate,11.878968094665865,60.52181538031877
female,35,race,hispanic,31.008870911709252,178.32118730441837
female,35,race,nh_white,21.87888603566607,52.796103723472484
female,35,race,nh_black,34.87175240550192,196.96699193934984
female,35,race,nh_asian,26.54983044133995,260.4450197492084
female,35,race,nh_aian,17.511705701802782,460.3404973610693
female,35,race,nh_nhpi,33.852627374467126,894.7258938922832
female,35,race,nh_twoplus,9.097671564722432,99.93543638077283
female,35,race,nh_other,18.567221806151892,222.6396857237136
female,35,both,hs_or_less+hispanic,32.452795827864854,192.46061170645234
female,35,both,hs_or_less+nh_white,23.52244444147648,86.34736254398676
female,35,both,hs_or_less+nh_black,39.02234837417527,226.14714521679446
female,35,both,hs_or_less+nh_asian,14.895199932949197,125.11868287732091
female,35,both,hs_or_less+nh_aian,18.721333094899435,539.759901190941
female,35,both,hs_or_less+nh_nhpi,35.3735257182028,1052.2620190262232
female,35,both,hs_or_less+nh_twoplus,11.697517602090116,138.33715105486357
female,35,both,hs_or_less+nh_other,19.08166599200733,146.8953810890779
female,35,both,some_college+hispanic,30.724786885998952,177.1759106499517
female,35,both,some_college+nh_white,23.553990771394183,72.38169727716932
female,35,both,some_college+nh_black,35.776467152954005,212.3556355067775
female,35,both,some_college+nh_asian,18.473617548276394,183.8697246592371
female,35,both,some_college+nh_aian,18.302537698950516,459.86651597085495
female,35,both,some_college+nh_nhpi,34.707078152839784,665.1508312828647
female,35,both,some_college+nh_twoplus,10.750762961165947,96.80596466459018
female,35,both,some_college+nh_other,18.59885911621268,190.19200767688426
female,35,both,bachelors+hispanic,30.6250813563568,156.66436731981412
female,35,both,bachelors+nh_white,18.424058604301848,62.761509434302184
female,35,both,bachelors+nh_black,35.84913184082083,155.33676162120219
female,35,both,bachelors+nh_asian,30.216015305304254,278.8793937527563
female,35,both,bachelors+nh_aian,18.94770475634475,280.5954831456188
female,35,both,bachelors+nh_nhpi,32.95901484807165,359.0856905084
female,35,both,bachelors+nh_twoplus,10.861305878632521,79.2798994158117
female,35,both,bachelors+nh_other,26.072177267248485,299.5676485470483
female,35,both,graduate+hispanic,28.077400277108097,140.32007738054233
female,35,both,graduate+nh_white,16.331318860462503,76.08709146408572
female,35,both,graduate+nh_black,36.747523690797216,133.58116928057729
female,35,both,graduate+nh_asian,36.4833666609459,354.819395863062
female,35,both,graduate+nh_aian,21.356912470551265,235.26106214290198
female,35,both,graduate+nh_nhpi,33.359866082011635,643.1280947465708
female,35,both,graduate+nh_twoplus,14.278792607897472,76.32366816456913
female,35,both,graduate+nh_other,32.90567129916612,597.5132294933594
female,40,edu,hs_or_less,6.37687302509606,33.83656467742601
female,40,edu,some_college,3.9557339585670803,18.705576279925353
female,40,edu,bachelors,7.345060540509934,30.40301679162735
female,40,edu,graduate,11.745246663934736,53.350390889490825
female,40,race,hispanic,31.041951603793947,165.58784757846792
female,40,race,nh_white,21.171247492554357,61.08187434290828
female,40,race,nh_black,34.997567805112006,194.2730666910601
female,40,race,nh_asian,22.7763584165954,221.55177940601095
female,40,race,nh_aian,17.050059900266177,324.2221068532891
female,40,race,nh_nhpi,33.11154035944499,450.0291081519503
female,40,race,nh_twoplus,9.996094911412072,83.69855906024104
female,40,race,nh_other,19.279300402136897,510.74093726091724
female,40,both,hs_or_less+hispanic,33.75029670997668,176.07346485020003
female,40,both,hs_or_less+nh_white,23.052685668752247,84.36000577586206
female,40,both,hs_or_less+nh_black,36.6817116400965,243.95318530735952
female,40,both,hs_or_less+nh_asian,14.069742344733385,120.0123379881992
female,40,both,hs_or_less+nh_aian,18.133709186715237,368.80311530527285
female,40,both,hs_or_less+nh_nhpi,32.63793160280635,491.6981945276896
female,40,both,hs_or_less+nh_twoplus,11.870969626670089,143.1772725069995
female,40,both,hs_or_less+nh_other,19.007404226120556,296.26549868314396
female,40,both,some_college+hispanic,29.27878029821329,162.76187238038898
female,40,both,some_college+nh_white,22.53465378159528,85.70488757343979
female,40,both,some_college+nh_black,35.4073604442294,208.70264641362886
female,40,both,some_college+nh_asian,17.03716487178285,170.8495538950349
female,40,both,some_college+nh_aian,17.97581172104691,333.1051958235998
female,40,both,some_college+nh_nhpi,35.52639348052175,504.74766804233263
female,40,both,some_college+nh_twoplus,11.18633695991798,87.76349570664748
female,40,both,some_college+nh_other,19.536842745293413,526.0176418437361
female,40,both,bachelors+hispanic,30.562783524084736,174.03280596294985
female,40,both,bachelors+nh_white,20.00175213048763,62.76257567863746
female,40,both,bachelors+nh_black,34.12370328472963,153.51087143244914
female,40,both,bachelors+nh_asian,29.026226405157857,257.91603010783587
female,40,both,bachelors+nh_aian,19.30924249145515,224.58611293097823
female,40,both,bachelors+nh_nhpi,32.90224789175004,431.3005597625941
female,40,both,bachelors+nh_twoplus,9.99320644897422,48.34696518513725
female,40,both,bachelors+nh_other,25.85353726471395,703.4514965588943
female,40,both,graduate+hispanic,29.579510856220566,168.46479022121895
female,40,both,graduate+nh_white,18.415547742222515,75.29019916853395
female,40,both,graduate+nh_black,36.311501682127926,145.08041655862746
female,40,both,graduate+nh_asian,33.66175791733235,307.72217724490014
female,40,both,graduate+nh_aian,22.191221119587297,211.39623788287093
female,40,both,graduate+nh_nhpi,33.1652553343678,491.66199480061726
female,40,both,graduate+nh_twoplus,13.443005929589134,60.21620534394765
female,40,both,graduate+nh_other,30.62667791186974,520.1166143476075
female,50,edu,hs_or_less,6.168313999669408,41.774180685418756
female,50,edu,some_college,4.006268479484234,14.635210419831893
female,50,edu,bachelors,6.287540307365873,33.87162736841492
female,50,edu,graduate,8.912109108113398,52.74719408673012
female,50,race,hispanic,30.605590712868505,226.64787056082423
female,50,race,nh_white,18.12640146984944,58.73325317592579
female,50,race,nh_black,39.55884962172983,181.03250744842484
female,50,race,nh_asian,18.316993327438922,210.4091714557764
female,50,race,nh_aian,18.140259932949533,506.5128929584255
female,50,race,nh_nhpi,25.501642635643265,384.27465173780683
female,50,race,nh_twoplus,9.029966053390751,83.1533178239902
female,50,race,nh_other,20.45751525516266,159.9969239333858
female,50,both,hs_or_less+hispanic,32.28943017927196,240.2269279935332
female,50,both,hs_or_less+nh_white,21.883075318222225,70.15067781825297
female,50,both,hs_or_less+nh_black,38.39892337130321,228.58731139123597
female,50,both,hs_or_less+nh_asian,13.404749843293345,174.46938008915066
female,50,both,hs_or_less+nh_aian,19.094605334328946,643.5692270552522
female,50,both,hs_or_less+nh_nhpi,26.756334940775616,434.5818569384746
female,50,both,hs_or_less+nh_twoplus,11.122102724458287,99.07438214248499
female,50,both,hs_or_less+nh_other,22.13830820496004,259.570713815554
female,50,both,some_college+hispanic,29.847985319167492,221.34858120693332
female,50,both,some_college+nh_white,19.83124436658109,65.76399906524759
female,50,both,some_college+nh_black,39.35118131985209,178.06786892978218
female,50,both,some_college+nh_asian,14.284484516987732,187.61948303054095
female,50,both,some_college+nh_aian,17.025909473178828,461.8927220149461
female,50,both,some_college+nh_nhpi,25.29292300880968,442.0847837202065
female,50,both,some_college+nh_twoplus,8.733064943782793,82.3014910657456
female,50,both,some_college+nh_other,20.86884717385489,229.75836638028989
female,50,both,bachelors+hispanic,26.944594799073528,204.26374711956873
female,50,both,bachelors+nh_white,16.81822452086439,65.35630711806355
female,50,both,bachelors+nh_black,37.439026323806274,153.85726301252046
female,50,both,bachelors+nh_asian,23.988436172449084,246.47674662294463
female,50,both,bachelors+nh_aian,19.104658584593494,633.2616594615074
female,50,both,bachelors+nh_nhpi,27.598783645621737,347.41756814025746
female,50,both,bachelors+nh_twoplus,9.757943369382687,72.98926391264426
female,50,both,bachelors+nh_other,24.839570433657414,232.09116565126516
female,50,both,graduate+hispanic,26.825929409003834,175.7598661229813
female,50,both,graduate+nh_white,15.188009414153498,87.0326774602921
female,50,both,graduate+nh_black,39.3415583578786,144.8444618622109
female,50,both,graduate+nh_asian,28.956539966222607,281.852676719636
female,50,both,graduate+nh_aian,20.652176762935454,510.31018610122055
female,50,both,graduate+nh_nhpi,29.49937791309118,349.5751428507925
female,50,both,graduate+nh_twoplus,12.532314323040652,70.39495757517851
female,50,both,graduate+nh_other,27.878227000340452,330.540217934732
