sex,age,edu,race,n,pearson_log_pool,spearman
female,25,,,193,0.323,0.348
female,25,,hispanic,193,0.101,0.12
female,25,,nh_asian,193,0.415,0.423
female,25,,nh_twoplus,193,0.025,0.092
female,25,hs_or_less,,193,-0.27,-0.234
female,25,hs_or_less,nh_twoplus,193,-0.382,-0.372
female,25,some_college,hispanic,193,0.076,0.085
female,25,some_college,nh_white,193,-0.305,-0.287
female,25,some_college,nh_asian,193,0.345,0.282
female,25,some_college,nh_aian,193,-0.165,-0.252
female,25,bachelors,hispanic,193,0.218,0.241
female,25,bachelors,nh_asian,193,0.429,0.439
female,25,bachelors,nh_twoplus,193,0.267,0.321
female,25,graduate,,193,0.372,0.404
female,25,graduate,nh_black,193,0.209,0.294
female,30,,nh_white,193,-0.123,-0.123
female,30,,nh_nhpi,193,-0.025,-0.037
female,30,,nh_other,193,0.067,0.145
female,30,hs_or_less,hispanic,193,0.038,0.041
female,30,hs_or_less,nh_aian,193,-0.193,-0.3
female,30,hs_or_less,nh_nhpi,193,-0.046,-0.095
female,30,some_college,nh_white,193,-0.286,-0.278
female,30,some_college,nh_asian,193,0.332,0.229
female,30,bachelors,nh_white,193,0.061,0.071
female,30,bachelors,nh_asian,193,0.414,0.38
female,30,bachelors,nh_aian,193,-0.017,0.085
female,30,bachelors,nh_nhpi,193,0.098,0.12
female,30,bachelors,nh_other,193,0.11,0.223
female,30,graduate,,193,0.405,0.402
female,30,graduate,nh_aian,193,0.088,0.177
female,30,graduate,nh_other,193,0.173,0.294
female,35,,nh_twoplus,193,0.017,0.049
female,35,hs_or_less,,193,-0.118,-0.074
female,35,hs_or_less,nh_aian,193,-0.173,-0.241
female,35,hs_or_less,nh_twoplus,193,-0.253,-0.205
female,35,some_college,nh_asian,193,0.293,0.18
female,35,some_college,nh_aian,193,-0.152,-0.155
female,35,some_college,nh_twoplus,193,-0.12,-0.096
female,35,bachelors,nh_other,193,0.09,0.259
female,35,graduate,hispanic,193,0.272,0.245
female,35,graduate,nh_white,193,0.116,0.136
female,35,graduate,nh_asian,193,0.382,0.377
female,35,graduate,nh_twoplus,193,0.287,0.295
female,42,,nh_white,190,-0.195,-0.167
female,42,,nh_black,190,0.132,0.201
female,42,,nh_twoplus,190,-0.037,-0.024
female,42,,nh_other,190,0.071,0.219
female,42,hs_or_less,hispanic,190,0.037,0.039
female,42,hs_or_less,nh_white,190,-0.368,-0.315
female,42,hs_or_less,nh_black,190,0.076,0.158
female,42,hs_or_less,nh_asian,190,0.175,0.094
female,42,hs_or_less,nh_aian,190,-0.156,-0.226
female,42,hs_or_less,nh_other,190,0.013,0.091
female,42,some_college,nh_asian,190,0.257,0.158
female,42,some_college,nh_twoplus,190,-0.135,-0.128
female,42,bachelors,,190,0.272,0.262
female,42,bachelors,nh_asian,190,0.354,0.296
female,42,bachelors,nh_aian,190,-0.05,0.018
female,42,bachelors,nh_other,190,0.068,0.281
female,42,graduate,nh_white,190,0.058,0.097
female,42,graduate,nh_asian,190,0.365,0.351
female,50,,hispanic,193,0.042,0.026
female,50,,nh_nhpi,193,0.021,-0.043
female,50,,nh_twoplus,193,0.014,0.041
female,50,hs_or_less,nh_other,193,0.027,0.079
female,50,some_college,nh_asian,193,0.211,0.106
female,50,bachelors,nh_black,193,0.259,0.318
female,50,bachelors,nh_twoplus,193,0.184,0.231
female,50,bachelors,nh_other,193,0.106,0.198
female,50,graduate,nh_white,193,0.07,0.107
female,50,graduate,nh_aian,193,-0.093,0.021
male,25,,,193,-0.079,-0.074
male,25,,nh_aian,193,-0.213,-0.326
male,25,,nh_twoplus,193,-0.127,-0.128
male,25,hs_or_less,,193,-0.37,-0.398
male,25,hs_or_less,nh_asian,193,0.256,0.182
male,25,hs_or_less,nh_twoplus,193,-0.373,-0.365
male,25,bachelors,hispanic,193,0.149,0.146
male,25,bachelors,nh_asian,193,0.381,0.372
male,25,bachelors,nh_aian,193,-0.11,-0.048
male,25,bachelors,nh_nhpi,193,0.037,0.097
male,25,graduate,,193,0.286,0.278
male,25,graduate,hispanic,193,0.202,0.188
male,25,graduate,nh_white,193,0.032,0.038
male,25,graduate,nh_nhpi,193,0.046,0.164
male,30,,nh_nhpi,193,-0.041,-0.045
male,30,hs_or_less,hispanic,193,0.017,0.003
male,30,hs_or_less,nh_black,193,0.079,0.16
male,30,hs_or_less,nh_asian,193,0.234,0.104
male,30,hs_or_less,nh_aian,193,-0.21,-0.343
male,30,some_college,nh_asian,193,0.297,0.171
male,30,some_college,nh_aian,193,-0.192,-0.276
male,30,bachelors,nh_asian,193,0.371,0.299
male,30,bachelors,nh_aian,193,-0.074,-0.022
male,30,bachelors,nh_twoplus,193,0.22,0.208
male,30,graduate,hispanic,193,0.244,0.218
male,30,graduate,nh_white,193,0.119,0.125
male,30,graduate,nh_asian,193,0.361,0.339
male,30,graduate,nh_other,193,0.338,0.317
male,35,,hispanic,193,0.043,0.019
male,35,,nh_black,193,0.217,0.303
male,35,,nh_aian,193,-0.205,-0.317
male,35,hs_or_less,hispanic,193,0.019,0.009
male,35,hs_or_less,nh_asian,193,0.184,0.045
male,35,hs_or_less,nh_twoplus,193,-0.279,-0.268
male,35,hs_or_less,nh_other,193,0.022,0.07
male,35,some_college,hispanic,193,0.034,0.004
male,35,some_college,nh_white,193,-0.326,-0.322
male,35,some_college,nh_black,193,0.206,0.287
male,35,some_college,nh_asian,193,0.238,0.086
male,35,bachelors,,193,0.149,0.106
male,35,bachelors,hispanic,193,0.138,0.087
male,35,bachelors,nh_white,193,-0.076,-0.095
male,35,bachelors,nh_black,193,0.321,0.382
male,35,bachelors,nh_nhpi,193,-0.01,0.029
male,35,bachelors,nh_twoplus,193,0.114,0.087
male,35,graduate,hispanic,193,0.194,0.127
male,35,graduate,nh_white,193,0.024,0.02
male,35,graduate,nh_other,193,0.223,0.269
male,42,,nh_asian,192,0.24,0.1
male,42,,nh_nhpi,192,-0.02,-0.131
male,42,hs_or_less,nh_white,192,-0.425,-0.416
male,42,hs_or_less,nh_asian,192,0.158,0.004
male,42,hs_or_less,nh_aian,192,-0.188,-0.321
male,42,hs_or_less,nh_twoplus,192,-0.351,-0.377
male,42,hs_or_less,nh_other,192,0.004,0.052
male,42,some_college,,192,-0.348,-0.365
male,42,some_college,nh_white,192,-0.383,-0.387
male,42,some_college,nh_black,192,0.185,0.267
male,42,some_college,nh_twoplus,192,-0.284,-0.316
male,42,bachelors,nh_nhpi,192,0.027,-0.056
male,42,bachelors,nh_twoplus,192,-0.062,-0.08
male,42,graduate,nh_black,192,0.308,0.346
male,42,graduate,nh_aian,192,-0.146,-0.145
male,42,graduate,nh_twoplus,192,0.039,0.022
male,50,,,192,-0.181,-0.212
male,50,,hispanic,192,0.026,-0.015
male,50,,nh_asian,192,0.273,0.148
male,50,,nh_twoplus,192,-0.184,-0.187
male,50,,nh_other,192,0.153,0.197
male,50,hs_or_less,nh_white,192,-0.373,-0.329
male,50,hs_or_less,nh_nhpi,192,-0.062,-0.172
male,50,hs_or_less,nh_other,192,0.106,0.158
male,50,some_college,,192,-0.262,-0.247
male,50,some_college,hispanic,192,0.031,-0.02
male,50,some_college,nh_white,192,-0.326,-0.31
male,50,some_college,nh_twoplus,192,-0.22,-0.233
male,50,some_college,nh_other,192,0.112,0.178
male,50,bachelors,,192,0.044,0.033
male,50,bachelors,nh_white,192,-0.132,-0.137
male,50,bachelors,nh_asian,192,0.305,0.226
male,50,graduate,nh_nhpi,192,-0.031,0.021
male,50,graduate,nh_other,192,0.2,0.284
