sex_s,cohort,gap,raw_log_mult,smoothed_log_mult,gauged_log_mult
male,18-70,-52,-9.210340371976182,-6.783817980851399,-6.790414665328401
male,18-70,-51,-9.210340371976182,-4.801155979961054,-4.807752664438056
male,18-70,-50,-3.7063098330383357,-4.32163423647797,-4.328230920954972
male,18-70,-49,-9.210340371976182,-4.913866131912547,-4.920462816389549
male,18-70,-48,-4.4075987100883545,-4.942318674998458,-4.9489153594754605
male,18-70,-47,-6.358078237326011,-5.638169903972872,-5.644766588449874
male,18-70,-46,-6.157824549080898,-6.279273270835614,-6.2858699553126165
male,18-70,-45,-9.210340371976182,-5.412721954373774,-5.419318638850776
male,18-70,-44,-4.1896240786346635,-4.566142685562048,-4.57273937003905
male,18-70,-43,-4.946895247697887,-4.3166055013830436,-4.323202185860046
male,18-70,-42,-3.65862128427467,-3.953418135054179,-3.9600148195311813
male,18-70,-41,-4.1760724556770175,-4.141543471984211,-4.1481401564612135
male,18-70,-40,-4.683765533334137,-4.3240462354381615,-4.330642919915164
male,18-70,-39,-3.9234772096646844,-4.111281390588635,-4.117878075065637
male,18-70,-38,-4.366240053365898,-3.817562231635488,-3.82415891611249
male,18-70,-37,-3.0848763239200356,-3.404615235188204,-3.4112119196652064
male,18-70,-36,-3.817316346851401,-3.37562799364808,-3.382224678125082
male,18-70,-35,-2.9437657151657914,-3.126406805164599,-3.133003489641601
male,18-70,-34,-3.1558590789801237,-3.065310179954043,-3.071906864431045
male,18-70,-33,-2.9563982316219484,-3.013957909179054,-3.020554593656056
male,18-70,-32,-3.0501970814110253,-2.9641784071312465,-2.9707750916082487
male,18-70,-31,-2.8213249234486186,-2.770866269053588,-2.7774629535305904
male,18-70,-30,-2.4653112150185144,-2.5923168865119957,-2.598913570988998
male,18-70,-29,-2.712439112663852,-2.5840449160578256,-2.590641600534828
male,18-70,-28,-2.46042421314645,-2.3961897184620478,-2.40278640293905
male,18-70,-27,-2.0526829552959063,-2.1875685243790843,-2.1941652088560866
male,18-70,-26,-2.270551489205263,-2.222097472196585,-2.2286941566735874
male,18-70,-25,-2.288503611138972,-2.21832629731212,-2.2249229817891223
male,18-70,-24,-2.068794145690662,-2.039108080690554,-2.045704765167556
male,18-70,-23,-1.7851282402385054,-1.8762441574318125,-1.8828408419088147
male,18-70,-22,-1.926217821699222,-1.8422405673407987,-1.848837251817801
male,18-70,-21,-1.7093439681051807,-1.7595420481125865,-1.7661387325895888
male,18-70,-20,-1.7435359126407084,-1.7066409164796756,-1.7132376009566779
male,18-70,-19,-1.6159096678434326,-1.6356550076375953,-1.6422516921145975
male,18-70,-18,-1.6181977105748184,-1.5062884562670815,-1.5128851407440838
male,18-70,-17,-1.2128525219904103,-1.2962306430679178,-1.30282732754492
male,18-70,-16,-1.2299582882977607,-1.2299427435728627,-1.236539428049865
male,18-70,-15,-1.227904177290664,-1.2136667762870779,-1.22026346076408
male,18-70,-14,-1.2003056016587839,-1.0940966929453344,-1.1006933774223366
male,18-70,-13,-0.8132909311085693,-0.8369807574504237,-0.8435774419274259
male,18-70,-12,-0.6258370178777484,-0.6565141981225922,-0.6631108825995944
male,18-70,-11,-0.59467192567523,-0.5292864186267856,-0.5358831031037878
male,18-70,-10,-0.31836178890396843,-0.3550143690466301,-0.3616110535236324
male,18-70,-9,-0.25088790232730723,-0.21543487126326152,-0.22203155574026381
male,18-70,-8,-0.056618382719835235,-0.046284160431443545,-0.05288084490844582
male,18-70,-7,0.14148827548245022,0.11319451880988124,0.10659783433287896
male,18-70,-6,0.19423654380466038,0.23757099004504761,0.23097430556804532
male,18-70,-5,0.4049567572573838,0.4201755137041399,0.4135788292271376
male,18-70,-4,0.6232717354221525,0.6357672486316133,0.629170564154611
male,18-70,-3,0.8438516827249621,0.8596269510560031,0.8530302665790008
male,18-70,-2,1.0839176957879808,1.0821923223972185,1.0755956379202163
male,18-70,-1,1.2728797906083458,1.2907095496865477,1.2841128652095455
male,18-70,0,1.5268683683780393,1.430276713356042,1.4236800288790397
male,18-70,1,1.3609225446321631,1.3769236647936447,1.3703269803166425
male,18-70,2,1.2578853157284304,1.251715855241869,1.2451191707648668
male,18-70,3,1.0898052286793998,1.1028643700415166,1.0962676855645144
male,18-70,4,0.9295987470451398,0.9508771064909483,0.944280422013946
male,18-70,5,0.8208910344648639,0.8157401164235901,0.8091434319465879
male,18-70,6,0.6416123396165991,0.6840808366764468,0.6774841521994446
male,18-70,7,0.6182907941412765,0.5898851624094573,0.5832884779324551
male,18-70,8,0.4400902618355741,0.46924016639763594,0.46264348192063365
male,18-70,9,0.3557318533636245,0.36169961820241087,0.3551029337254086
male,18-70,10,0.275781759887481,0.2589092363176099,0.25231255184060764
male,18-70,11,0.08290076994646726,0.13424035062510353,0.12764366614810124
male,18-70,12,0.08397929727861779,0.05527156805097749,0.04867488357397522
male,18-70,13,-0.05090455438172115,-0.0824123752825748,-0.08900905975957708
male,18-70,14,-0.4070231785605299,-0.3049776026746517,-0.311574287151654
male,18-70,15,-0.41634222887506656,-0.3974720168489689,-0.40406870132597117
male,18-70,16,-0.3730828907677997,-0.3934758442292284,-0.40007252870623067
male,18-70,17,-0.4017940403048186,-0.4570363233022414,-0.4636330077792437
male,18-70,18,-0.718442240329989,-0.6214784211698968,-0.6280751056468991
male,18-70,19,-0.6639708735836558,-0.7090289591968959,-0.7156256436738981
male,18-70,20,-0.8493092886829261,-0.7867846258392821,-0.7933813103162843
male,18-70,21,-0.7728735059418745,-0.8178169529572334,-0.8244136374342357
male,18-70,22,-0.9144321565487824,-0.871983307135343,-0.8785799916123452
male,18-70,23,-0.8730340507387845,-0.9115295797477507,-0.918126264224753
male,18-70,24,-1.0041410310833967,-1.0184737500121268,-1.025070434489129
male,18-70,25,-1.2554150987043402,-1.1453710535832287,-1.151967738060231
male,18-70,26,-1.0897581685228772,-1.0841451470924228,-1.090741831569425
male,18-70,27,-0.9098513785243201,-1.0255686800313473,-1.0321653645083495
male,18-70,28,-1.253454587099358,-1.2089668135176046,-1.2155634979946068
male,18-70,29,-1.53356633769451,-1.4205774760745364,-1.4271741605515387
male,18-70,30,-1.4017957080376084,-1.44431990493366,-1.4509165894106621
male,18-70,31,-1.4677085232036389,-1.4836521212165856,-1.4902488056935879
male,18-70,32,-1.6318971611920086,-1.5518877173199765,-1.5584844017969788
male,18-70,33,-1.4646017019321083,-1.538852150375197,-1.5454488348521993
male,18-70,34,-1.6296822106129667,-1.637942873577152,-1.6445395580541542
male,18-70,35,-1.8955824673254427,-1.8466634484209952,-1.8532601328979974
male,18-70,36,-2.1216237758620298,-1.9010505006840681,-1.9076471851610703
male,18-70,37,-1.4830404614578234,-1.7356146353239645,-1.7422113198009668
male,18-70,38,-2.1637010063261397,-1.9625207841454617,-1.969117468622464
male,18-70,39,-2.253343711200634,-2.3113157961368684,-2.3179124806138707
male,18-70,40,-3.0773987123388498,-2.6281686534021897,-2.634765337879192
male,18-70,41,-2.4105920961532177,-2.3327702070721887,-2.339366891549191
male,18-70,42,-1.6341607470821016,-1.923932197359654,-1.9305288818366562
male,18-70,43,-2.325681119984478,-2.041002532629057,-2.0475992171060593
male,18-70,44,-1.981872799811282,-2.257028561978458,-2.2636252464554603
male,18-70,45,-9.210340371976182,-3.0784523063972125,-3.0850489908742147
male,18-70,46,-3.704527788530202,-3.861722432522347,-3.8683191169993494
male,18-70,47,-3.739945325242027,-3.276176247269363,-3.2827729317463654
male,18-70,48,-2.022342830970721,-2.5424913181505753,-2.5490880026275775
male,18-70,49,-9.210340371976182,-2.2236281059140843,-2.2302247903910866
male,18-70,50,-0.5597035396935577,-1.265400288542215,-1.2719969730192173
male,18-70,51,-9.210340371976182,-1.3969830057326644,-1.4035796902096667
male,18-70,52,-9.210340371976182,-3.165740103587531,-3.1723367880645332
female,18-70,-52,-9.210340371976182,-9.210340371976182,-9.211607741562554
female,18-70,-51,-9.210340371976182,-9.210340371976182,-9.211607741562554
female,18-70,-50,-9.210340371976182,-9.210340371976182,-9.211607741562554
female,18-70,-49,-9.210340371976182,-9.210340371976182,-9.211607741562554
female,18-70,-48,-9.210340371976182,-9.210340371976182,-9.211607741562554
female,18-70,-47,-9.210340371976182,-9.210340371976182,-9.211607741562554
female,18-70,-46,-4.664342882069432,-4.664601190944041,-4.665868560530415
female,18-70,-45,-4.636065247013477,-4.636245765416311,-4.637513135002685
female,18-70,-44,-5.2039950473677585,-5.203802014419771,-5.205069384006144
female,18-70,-43,-5.2634291202361645,-5.261073161913615,-5.262340531499988
female,18-70,-42,-3.297767832141842,-3.298325058325837,-3.2995924279122097
female,18-70,-41,-4.9336904313779115,-4.932691654564156,-4.933959024150529
female,18-70,-40,-5.892001366099311,-5.890810479284903,-5.892077848871277
female,18-70,-39,-4.826646623844126,-4.8267827019170575,-4.828050071503431
female,18-70,-38,-4.672521549817423,-4.6725715867032305,-4.673838956289604
female,18-70,-37,-4.691369948572782,-4.691003630341227,-4.6922709999276
female,18-70,-36,-3.992501095540737,-3.991888248415871,-3.993155618002244
female,18-70,-35,-2.846297661168435,-2.8467602420655016,-2.8480276116518746
female,18-70,-34,-4.061591493235928,-4.060631734127854,-4.061899103714228
female,18-70,-33,-3.5930116723212757,-3.593036090203199,-3.5943034597895718
female,18-70,-32,-3.3517045091887505,-3.351643576782969,-3.352910946369342
female,18-70,-31,-3.0363558910604276,-3.036374558739419,-3.037641928325792
female,18-70,-30,-2.858661051943193,-2.858950282133536,-2.860217651719909
female,18-70,-29,-4.009045508081515,-4.008264589752394,-4.0095319593387675
female,18-70,-28,-3.7972001115633716,-3.7970329585788263,-3.7983003281651992
female,18-70,-27,-3.290941912677623,-3.2909881933562475,-3.2922555629426205
female,18-70,-26,-3.080569500475137,-3.080773283829193,-3.0820406534155658
female,18-70,-25,-3.613709931886361,-3.6131245112445516,-3.6143918808309246
female,18-70,-24,-2.9087519270462243,-2.90884773010032,-2.910115099686693
female,18-70,-23,-2.7344495493888044,-2.7345200429339447,-2.7357874125203177
female,18-70,-22,-2.7927764595375395,-2.7926845406875556,-2.7939519102739285
female,18-70,-21,-2.6048469083967647,-2.6047313075350713,-2.6059986771214443
female,18-70,-20,-2.2059654192594107,-2.2060979901268447,-2.2073653597132177
female,18-70,-19,-2.285863509665225,-2.285761558729323,-2.287028928315696
female,18-70,-18,-2.0920885977319124,-2.091997314257685,-2.093264683844058
female,18-70,-17,-1.7400502506312252,-1.740203141175285,-1.741470510761658
female,18-70,-16,-1.922057115906622,-1.9219246683820543,-1.9231920379684273
female,18-70,-15,-1.7458661201055548,-1.7457452387890111,-1.747012608375384
female,18-70,-14,-1.3459287130234203,-1.3459827787234788,-1.3472501483098518
female,18-70,-13,-1.2094698159173605,-1.209435241865086,-1.210702611451459
female,18-70,-12,-1.015634687745355,-1.0156102963318316,-1.0168776659182046
female,18-70,-11,-0.8078501195952578,-0.8078366677649409,-0.809104037351314
female,18-70,-10,-0.6152492490371803,-0.6152390619058737,-0.6165064314922468
female,18-70,-9,-0.4396022436007512,-0.43950691103060013,-0.44077428061697316
female,18-70,-8,-0.0829672153099155,-0.08298683752529701,-0.08425420711167005
female,18-70,-7,0.12267751903629535,0.12268012337205857,0.12141275378568553
female,18-70,-6,0.29246472253961336,0.29246521950853277,0.29119784992215975
female,18-70,-5,0.433273920757549,0.4333057351498156,0.43203836556344255
female,18-70,-4,0.6326862863944512,0.6327414645691022,0.6314740949827291
female,18-70,-3,0.9264968268141797,0.9265235559455828,0.9252561863592097
female,18-70,-2,1.215067253690453,1.2151230397502248,1.2138556701638519
female,18-70,-1,1.5684806528839779,1.5684721224677876,1.5672047528814146
female,18-70,0,1.8167576052188246,1.8166284319744461,1.8153610623880732
female,18-70,1,1.6321166585840223,1.6321063013804726,1.6308389317940997
female,18-70,2,1.339814120942057,1.339863349393828,1.338595979807455
female,18-70,3,1.0955870572159632,1.0956082680632049,1.094340898476832
female,18-70,4,0.8269361191570788,0.8270017738802103,0.8257344042938373
female,18-70,5,0.6855273777457686,0.6855445875979325,0.6842772180115594
female,18-70,6,0.565940426052132,0.5659518962287728,0.5646845266423998
female,18-70,7,0.4568812442399528,0.45686014534135677,0.45559277575498375
female,18-70,8,0.2446339674597873,0.24463053515160152,0.24336316556522847
female,18-70,9,-0.0650204071260397,-0.06494943220014585,-0.06621680178651888
female,18-70,10,-0.25292895731465287,-0.2529144008124495,-0.2541817703988225
female,18-70,11,-0.4487837870180981,-0.4487730861213344,-0.4500404557077074
female,18-70,12,-0.671741374763544,-0.6717035225293788,-0.6729708921157519
female,18-70,13,-0.8361087077815181,-0.8360876094240565,-0.8373549790104295
female,18-70,14,-0.9725980776203176,-0.9726598892848928,-0.9739272588712659
female,18-70,15,-1.3990699688573556,-1.398938343302886,-1.4002057128892589
female,18-70,16,-1.5743093193869857,-1.574190690071659,-1.5754580596580319
female,18-70,17,-1.4271570558419417,-1.427299550329476,-1.428566919915849
female,18-70,18,-1.776881717254821,-1.7767883606659036,-1.7780557302522766
female,18-70,19,-1.9488962853707505,-1.9488209574151976,-1.9500883270015705
female,18-70,20,-1.9186958760365431,-1.9187646716055455,-1.9200320411919185
female,18-70,21,-2.1183005974576203,-2.1183508845846193,-2.1196182541709923
female,18-70,22,-2.609881893144484,-2.6096192286631568,-2.6108865982495297
female,18-70,23,-2.485290241680859,-2.485441754376574,-2.486709123962947
female,18-70,24,-2.9041680185378054,-2.904081339722229,-2.905348709308602
female,18-70,25,-3.2376031305077353,-3.2372160373819527,-3.2384834069683257
female,18-70,26,-2.6678558943417996,-2.6681287766283033,-2.6693961462146762
female,18-70,27,-3.1485227085837626,-3.148449308721398,-3.149716678307771
female,18-70,28,-3.717370681181268,-3.7170755645217888,-3.7183429341081617
female,18-70,29,-3.6308853729797135,-3.630454762157179,-3.631722131743552
female,18-70,30,-2.7450165868183154,-2.7452617567839708,-2.7465291263703437
female,18-70,31,-2.8810864379541226,-2.881162832128846,-2.882430201715219
female,18-70,32,-3.3914619398173493,-3.3911919080733766,-3.3924592776597495
female,18-70,33,-3.284441439293541,-3.2846160231341406,-3.2858833927205136
female,18-70,34,-3.867944414472651,-3.8670233715418285,-3.8682907411282015
female,18-70,35,-2.760644677918456,-2.7610678472927868,-2.7623352168791597
female,18-70,36,-3.6556496044220355,-3.655283005397805,-3.656550374984178
female,18-70,37,-4.344108985649335,-4.343737140223033,-4.345004509809407
female,18-70,38,-4.310187083496554,-4.310281660761282,-4.311549030347655
female,18-70,39,-4.631898409772142,-4.632000585784115,-4.6332679553704885
female,18-70,40,-6.359603496711183,-6.356667028668104,-6.357934398254478
female,18-70,41,-4.733193422534677,-4.732102044128535,-4.733369413714908
female,18-70,42,-2.9643195016449804,-2.964896037630387,-2.9661634072167598
female,18-70,43,-5.165726034483008,-5.162081271096319,-5.163348640682693
female,18-70,44,-4.147382822290205,-4.147549101378379,-4.148816470964753
female,18-70,45,-3.8434040530797873,-3.843564242427803,-3.844831612014176
female,18-70,46,-4.063118158850348,-4.063257843072673,-4.0645252126590465
female,18-70,47,-9.210340371976182,-9.210340371976182,-9.211607741562554
female,18-70,48,-9.210340371976182,-9.210340371976182,-9.211607741562554
female,18-70,49,-9.210340371976182,-9.210340371976182,-9.211607741562554
female,18-70,50,-9.210340371976182,-9.210340371976182,-9.211607741562554
female,18-70,51,-9.210340371976182,-9.210340371976182,-9.211607741562554
female,18-70,52,-9.210340371976182,-9.210340371976182,-9.211607741562554
